player_id,Rk,Player,Nation,Pos,Squad,Age,Born,Playing Time_MP,Playing Time_Starts,Playing Time_Min,Playing Time_90s,Performance_Gls,Performance_Ast,Performance_G+A,Performance_G-PK,Performance_PK,Performance_PKatt,Performance_CrdY,Performance_CrdR,Per 90 Minutes_Gls,Per 90 Minutes_Ast,Per 90 Minutes_G+A,Per 90 Minutes_G-PK,Per 90 Minutes_G+A-PK,Matches,league,saison
82e12fe7,1,Junior Adamu,AUT,FW,Freiburg,23,2001,25,19,1545,17.2,2,2,4,2,0,0,5,1,0.12,0.12,0.23,0.12,0.23,Matches,bundesliga,2024-2025
501055d8,2,Karim Adeyemi,GER,"MF,FW",Dortmund,22,2002,25,17,1433,15.9,7,6,13,7,0,0,4,0,0.44,0.38,0.82,0.44,0.82,Matches,bundesliga,2024-2025
dcfb17f4,3,Amine Adli,MAR,"MF,FW",Leverkusen,24,2000,20,6,766,8.5,2,0,2,2,0,0,3,0,0.23,0.0,0.23,0.23,0.23,Matches,bundesliga,2024-2025
5054c359,4,Oladapo Afolayan,ENG,"FW,MF",St Pauli,26,1998,32,17,1639,18.2,3,1,4,3,0,0,3,0,0.16,0.05,0.22,0.16,0.22,Matches,bundesliga,2024-2025
cb6d81b3,5,Felix Agu,NGA,MF,Werder Bremen,24,1999,22,21,1751,19.5,3,0,3,3,0,0,1,0,0.15,0.0,0.15,0.15,0.15,Matches,bundesliga,2024-2025
f6b692c0,6,Erik Ahlstrand,SWE,MF,St Pauli,22,2001,5,0,43,0.5,0,0,0,0,0,0,0,0,0.0,0.0,0.0,0.0,0.0,Matches,bundesliga,2024-2025
6ec6fde0,7,Kevin Akpoguma,NGA,DF,Hoffenheim,29,1995,32,23,2220,24.7,0,0,0,0,0,0,3,0,0.0,0.0,0.0,0.0,0.0,Matches,bundesliga,2024-2025
94471fb7,8,Andreas Albers,DEN,"FW,MF",St Pauli,34,1990,14,0,62,0.7,1,0,1,1,0,0,0,0,1.45,0.0,1.45,1.45,1.45,Matches,bundesliga,2024-2025
ee8ad906,9,Ben Alexander Voll,GER,GK,St Pauli,23,2000,2,1,91,1.0,0,0,0,0,0,0,1,0,0.0,0.0,0.0,0.0,0.0,Matches,bundesliga,2024-2025
add37c13,10,Skelly Alvero,FRA,MF,Werder Bremen,22,2002,12,1,236,2.6,0,0,0,0,0,0,1,0,0.0,0.0,0.0,0.0,0.0,Matches,bundesliga,2024-2025
1227a22d,11,Aurele Amenda,SUI,DF,Eintracht Frankfurt,21,2003,8,1,96,1.1,0,0,0,0,0,0,1,0,0.0,0.0,0.0,0.0,0.0,Matches,bundesliga,2024-2025
555d5edd,12,Nadiem Amiri,GER,MF,Mainz 05,27,1996,30,30,2473,27.5,7,5,12,5,2,2,9,2,0.25,0.18,0.44,0.18,0.36,Matches,bundesliga,2024-2025
6597f8b6,13,Mohamed Amoura,ALG,"FW,MF",Wolfsburg,24,2000,31,29,2467,27.4,10,9,19,8,2,2,6,0,0.36,0.33,0.69,0.29,0.62,Matches,bundesliga,2024-2025
e0b113a7,14,Robert Andrich,GER,"MF,DF",Leverkusen,29,1994,23,19,1598,17.8,2,2,4,2,0,0,7,0,0.11,0.11,0.23,0.11,0.23,Matches,bundesliga,2024-2025
5e66fa06,15,Waldemar Anton,GER,DF,Dortmund,28,1996,26,22,1949,21.7,2,2,4,2,0,0,4,0,0.09,0.09,0.18,0.09,0.18,Matches,bundesliga,2024-2025
86e119e0,16,Maximilian Arnold,GER,MF,Wolfsburg,30,1994,28,27,2356,26.2,3,5,8,3,0,0,7,1,0.11,0.19,0.31,0.11,0.31,Matches,bundesliga,2024-2025
c21fb312,17,Jann-Fiete Arp,GER,FW,Holstein Kiel,24,2000,23,3,713,7.9,2,0,2,1,1,2,8,1,0.25,0.0,0.25,0.13,0.13,Matches,bundesliga,2024-2025
8a958856,18,Arthur,BRA,"MF,DF",Leverkusen,21,2003,20,7,752,8.4,0,1,1,0,0,0,1,0,0.0,0.12,0.12,0.0,0.12,Matches,bundesliga,2024-2025
dbd1b101,19,Noah Atubolu,GER,GK,Freiburg,22,2002,26,26,2307,25.6,0,0,0,0,0,0,2,0,0.0,0.0,0.0,0.0,0.0,Matches,bundesliga,2024-2025
ce81d82d,20,Ayman Azhil,MAR,MF,Dortmund,23,2001,1,0,24,0.3,0,0,0,0,0,0,1,0,0.0,0.0,0.0,0.0,0.0,Matches,bundesliga,2024-2025
e678d983,21,Adam Aznou,MAR,DF,Bayern Munich,18,2006,2,0,17,0.2,0,0,0,0,0,0,0,0,0.0,0.0,0.0,0.0,0.0,Matches,bundesliga,2024-2025
7362a6f2,22,Aliou Badara Baldé,GUI,FW,Bochum,21,2002,5,0,91,1.0,0,0,0,0,0,0,1,0,0.0,0.0,0.0,0.0,0.0,Matches,bundesliga,2024-2025
442b56fa,23,Ridle Baku,GER,MF,Wolfsburg,26,1998,15,14,1170,13.0,2,1,3,2,0,0,2,0,0.15,0.08,0.23,0.15,0.23,Matches,bundesliga,2024-2025
442b56fa,24,Ridle Baku,GER,MF,RB Leipzig,26,1998,19,15,1275,14.2,2,3,5,2,0,0,1,0,0.14,0.21,0.35,0.14,0.35,Matches,bundesliga,2024-2025
489d4867,25,Samuel Bamba,GER,FW,Bochum,20,2004,5,0,27,0.3,0,0,0,0,0,0,0,0,0.0,0.0,0.0,0.0,0.0,Matches,bundesliga,2024-2025
118e3ac3,26,Noahkai Banks,USA,DF,Augsburg,17,2006,8,2,278,3.1,0,0,0,0,0,0,2,0,0.0,0.0,0.0,0.0,0.0,Matches,bundesliga,2024-2025
d01f8942,27,Scott Banks,SCO,MF,St Pauli,22,2001,12,0,116,1.3,0,0,0,0,0,0,1,0,0.0,0.0,0.0,0.0,0.0,Matches,bundesliga,2024-2025
a2a85828,28,Aymen Barkok,MAR,MF,Mainz 05,26,1998,4,0,73,0.8,0,0,0,0,0,0,0,0,0.0,0.0,0.0,0.0,0.0,Matches,bundesliga,2024-2025
2973d8ff,29,Michy Batshuayi,BEL,FW,Eintracht Frankfurt,30,1993,10,3,300,3.3,3,0,3,3,0,0,2,0,0.9,0.0,0.9,0.9,0.9,Matches,bundesliga,2024-2025
44a20f0c,30,Maximilian Bauer,GER,DF,Augsburg,24,2000,11,8,658,7.3,0,0,0,0,0,0,1,0,0.0,0.0,0.0,0.0,0.0,Matches,bundesliga,2024-2025
47064058,31,Oliver Baumann,GER,GK,Hoffenheim,34,1990,28,28,2520,28.0,0,0,0,0,0,0,1,0,0.0,0.0,0.0,0.0,0.0,Matches,bundesliga,2024-2025
437f2b00,32,Christoph Baumgartner,AUT,"MF,FW",RB Leipzig,24,1999,31,18,1610,17.9,2,1,3,2,0,0,5,0,0.11,0.06,0.17,0.11,0.17,Matches,bundesliga,2024-2025
a53b661f,33,Ihlas Bebou,TOG,"FW,MF",Hoffenheim,30,1994,1,0,9,0.1,0,0,0,0,0,0,0,0,0.0,0.0,0.0,0.0,0.0,Matches,bundesliga,2024-2025
616c09f5,34,Adrian Beck,GER,"MF,FW",Heidenheim,27,1997,32,18,1598,17.8,4,1,5,4,0,0,1,0,0.23,0.06,0.28,0.23,0.28,Matches,bundesliga,2024-2025
543ddcaf,35,Timo Becker,GER,"DF,MF",Holstein Kiel,27,1997,30,28,2445,27.2,0,2,2,0,0,0,2,0,0.0,0.07,0.07,0.0,0.07,Matches,bundesliga,2024-2025
ca788298,36,Hannes Behrens,GER,DF,Hoffenheim,19,2005,1,0,29,0.3,0,0,0,0,0,0,0,0,0.0,0.0,0.0,0.0,0.0,Matches,bundesliga,2024-2025
30ae134d,37,Kevin Behrens,GER,FW,Wolfsburg,33,1991,18,0,170,1.9,1,0,1,1,0,0,2,0,0.53,0.0,0.53,0.53,0.53,Matches,bundesliga,2024-2025
5db45ee5,38,Maximilian Beier,GER,"MF,FW",Dortmund,21,2002,29,17,1591,17.7,8,5,13,8,0,0,2,0,0.45,0.28,0.74,0.45,0.74,Matches,bundesliga,2024-2025
857a5abe,39,Stefan Bell,GER,DF,Mainz 05,32,1991,18,15,1436,16.0,0,1,1,0,0,0,4,0,0.0,0.06,0.06,0.0,0.06,Matches,bundesliga,2024-2025
c678ddd7,40,Jeanuël Belocian,FRA,DF,Leverkusen,19,2005,5,1,68,0.8,0,0,0,0,0,0,1,0,0.0,0.0,0.0,0.0,0.0,Matches,bundesliga,2024-2025
fe888e39,41,László Bénes,SVK,"MF,FW",Union Berlin,26,1997,23,3,589,6.5,2,1,3,2,0,0,4,0,0.31,0.15,0.46,0.31,0.46,Matches,bundesliga,2024-2025
378825c7,42,Ramy Bensebaini,ALG,DF,Dortmund,29,1995,31,23,2022,22.5,1,6,7,1,0,0,6,0,0.04,0.27,0.31,0.04,0.31,Matches,bundesliga,2024-2025
eb6e14be,43,Mergim Berisha,GER,FW,Hoffenheim,26,1998,11,3,333,3.7,1,1,2,1,0,0,1,0,0.27,0.27,0.54,0.27,0.54,Matches,bundesliga,2024-2025
eb6e14be,44,Mergim Berisha,GER,FW,Augsburg,26,1998,2,0,40,0.4,0,0,0,0,0,0,1,0,0.0,0.0,0.0,0.0,0.0,Matches,bundesliga,2024-2025
17370b95,45,Bernardo,BRA,DF,Bochum,29,1995,21,19,1782,19.8,0,0,0,0,0,0,5,0,0.0,0.0,0.0,0.0,0.0,Matches,bundesliga,2024-2025
dea1d183,46,Alexander Bernhardsson,SWE,"FW,MF",Holstein Kiel,25,1998,19,15,1263,14.0,7,2,9,7,0,0,3,0,0.5,0.14,0.64,0.5,0.64,Matches,bundesliga,2024-2025
b5e0af76,47,Matúš Bero,SVK,MF,Bochum,28,1995,30,29,2565,28.5,5,2,7,5,0,1,11,0,0.18,0.07,0.25,0.18,0.25,Matches,bundesliga,2024-2025
57382429,48,Jan-Niklas Beste,GER,"DF,MF",Freiburg,25,1999,12,0,212,2.4,0,1,1,0,0,0,0,0,0.0,0.42,0.42,0.0,0.42,Matches,bundesliga,2024-2025
47c609d5,49,El Bilal Touré,MLI,FW,Stuttgart,22,2001,12,3,356,4.0,2,1,3,2,0,0,0,0,0.51,0.25,0.76,0.51,0.76,Matches,bundesliga,2024-2025
07d3bfec,50,Tom Bischof,GER,MF,Hoffenheim,19,2005,31,30,2559,28.4,5,2,7,5,0,0,5,0,0.18,0.07,0.25,0.18,0.25,Matches,bundesliga,2024-2025
dc62fbee,51,Leonardo Bittencourt,GER,MF,Werder Bremen,30,1993,27,10,982,10.9,2,1,3,2,0,0,3,0,0.18,0.09,0.27,0.18,0.27,Matches,bundesliga,2024-2025
5b479568,52,Myron Boadu,NED,FW,Bochum,23,2001,19,11,1042,11.6,9,1,10,8,1,1,2,0,0.78,0.09,0.86,0.69,0.78,Matches,bundesliga,2024-2025
6c8ddd52,53,Sacha Boey,FRA,DF,Bayern Munich,23,2000,13,6,593,6.6,0,2,2,0,0,0,1,0,0.0,0.3,0.3,0.0,0.3,Matches,bundesliga,2024-2025
b146275b,54,Victor Boniface,NGA,FW,Leverkusen,23,2000,19,12,1008,11.2,8,1,9,8,0,1,2,0,0.71,0.09,0.8,0.71,0.8,Matches,bundesliga,2024-2025
01834aa0,55,Sebastiaan Bornauw,BEL,DF,Wolfsburg,25,1999,15,8,788,8.8,2,1,3,2,0,0,2,0,0.23,0.11,0.34,0.23,0.34,Matches,bundesliga,2024-2025
1a86f4a9,56,Carlo Boukhalfa,MAR,MF,St Pauli,25,1999,25,19,1646,18.3,2,0,2,2,0,0,1,0,0.11,0.0,0.11,0.11,0.11,Matches,bundesliga,2024-2025
a167537f,57,Julian Brandt,GER,MF,Dortmund,28,1996,30,28,2303,25.6,5,10,15,5,0,0,1,0,0.2,0.39,0.59,0.2,0.59,Matches,bundesliga,2024-2025
ed98c321,58,Tim Breithaupt,GER,MF,Augsburg,22,2002,2,2,120,1.3,0,1,1,0,0,0,0,0,0.0,0.75,0.75,0.0,0.75,Matches,bundesliga,2024-2025
1e37c986,59,Maximilian Breunig,GER,FW,Heidenheim,23,2000,13,2,350,3.9,2,0,2,1,1,1,0,0,0.51,0.0,0.51,0.26,0.26,Matches,bundesliga,2024-2025
bbd79358,60,Moritz Broschinski,GER,"FW,MF",Bochum,23,2000,33,15,1390,15.4,1,3,4,1,0,0,1,0,0.06,0.19,0.26,0.06,0.26,Matches,bundesliga,2024-2025
abc79c47,61,Nathaniel Brown,GER,"MF,DF",Eintracht Frankfurt,21,2003,26,22,1947,21.6,3,6,9,3,0,0,2,0,0.14,0.28,0.42,0.14,0.42,Matches,bundesliga,2024-2025
4e204552,62,Jacob Bruun Larsen,DEN,"MF,FW",Hoffenheim,25,1998,12,3,400,4.4,2,2,4,2,0,0,0,0,0.45,0.45,0.9,0.45,0.9,Matches,bundesliga,2024-2025
4e204552,63,Jacob Bruun Larsen,DEN,MF,Stuttgart,25,1998,15,3,414,4.6,1,0,1,1,0,0,1,0,0.22,0.0,0.22,0.22,0.22,Matches,bundesliga,2024-2025
66b76d44,64,Emi Buendía,ARG,MF,Leverkusen,27,1996,11,3,257,2.9,2,0,2,2,0,0,0,0,0.7,0.0,0.7,0.7,0.7,Matches,bundesliga,2024-2025
ab5b7dc1,65,Marius Bülter,GER,"MF,FW",Hoffenheim,31,1993,25,22,1729,19.2,7,2,9,7,0,0,4,0,0.36,0.1,0.47,0.36,0.47,Matches,bundesliga,2024-2025
05f99a4a,66,Jonathan Burkardt,GER,FW,Mainz 05,24,2000,29,28,2109,23.4,18,2,20,16,2,2,0,0,0.77,0.09,0.85,0.68,0.77,Matches,bundesliga,2024-2025
f631c17f,67,Oliver Burke,SCO,FW,Werder Bremen,27,1997,25,9,908,10.1,5,0,5,5,0,0,4,0,0.5,0.0,0.5,0.5,0.5,Matches,bundesliga,2024-2025
c38767ab,68,Marnon Busch,GER,"DF,MF",Heidenheim,29,1994,23,15,1396,15.5,0,1,1,0,0,0,1,0,0.0,0.06,0.06,0.0,0.06,Matches,bundesliga,2024-2025
0118c54c,69,Anthony Caci,FRA,MF,Mainz 05,27,1997,33,33,2684,29.8,1,7,8,1,0,0,6,0,0.03,0.23,0.27,0.03,0.27,Matches,bundesliga,2024-2025
fbb270b2,70,Cole Campbell,USA,FW,Dortmund,18,2006,4,0,22,0.2,0,0,0,0,0,0,0,0,0.0,0.0,0.0,0.0,0.0,Matches,bundesliga,2024-2025
a65ce836,71,Emre Can,GER,"DF,MF",Dortmund,30,1994,31,23,2105,23.4,3,0,3,1,2,2,4,1,0.13,0.0,0.13,0.04,0.04,Matches,bundesliga,2024-2025
79268b9c,72,Tiago Cardoso,LUX,GK,Gladbach,18,2006,5,4,380,4.2,0,0,0,0,0,0,0,0,0.0,0.0,0.0,0.0,0.0,Matches,bundesliga,2024-2025
72ae8652,73,Abdoulie Ceesay,GAM,FW,St Pauli,20,2004,7,0,60,0.7,0,0,0,0,0,0,1,0,0.0,0.0,0.0,0.0,0.0,Matches,bundesliga,2024-2025
ae7058f9,74,Julian Chabot,GER,DF,Stuttgart,26,1998,31,27,2269,25.2,3,1,4,3,0,0,11,1,0.12,0.04,0.16,0.12,0.16,Matches,bundesliga,2024-2025
2180c761,75,El Chadaille Bitshiabu,FRA,DF,RB Leipzig,19,2005,21,13,1130,12.6,0,0,0,0,0,0,2,1,0.0,0.0,0.0,0.0,0.0,Matches,bundesliga,2024-2025
357103bd,76,Fares Chaïbi,ALG,MF,Eintracht Frankfurt,21,2002,26,10,1013,11.3,1,3,4,1,0,0,2,0,0.09,0.27,0.36,0.09,0.36,Matches,bundesliga,2024-2025
b3b7f5a6,77,Timothy Chandler,USA,"DF,MF",Eintracht Frankfurt,34,1990,3,0,24,0.3,0,0,0,0,0,0,0,0,0.0,0.0,0.0,0.0,0.0,Matches,bundesliga,2024-2025
ee2cf168,78,Anrie Chase,JPN,DF,Stuttgart,20,2004,12,7,734,8.2,0,0,0,0,0,0,1,0,0.0,0.0,0.0,0.0,0.0,Matches,bundesliga,2024-2025
913e4711,79,Arthur Chaves,BRA,DF,Hoffenheim,23,2001,26,24,2185,24.3,1,0,1,1,0,0,8,0,0.04,0.0,0.04,0.04,0.04,Matches,bundesliga,2024-2025
48780156,80,Fabio Chiarodia,ITA,DF,Gladbach,19,2005,16,3,379,4.2,1,0,1,1,0,0,0,0,0.24,0.0,0.24,0.24,0.24,Matches,bundesliga,2024-2025
b2f9c73e,81,Carney Chukwuemeka,ENG,MF,Dortmund,20,2003,10,1,253,2.8,1,0,1,1,0,0,1,0,0.36,0.0,0.36,0.36,0.36,Matches,bundesliga,2024-2025
741418c3,82,Alexis Claude-Maurice,FRA,"MF,FW",Augsburg,26,1998,28,25,2109,23.4,9,2,11,9,0,0,4,0,0.38,0.09,0.47,0.38,0.47,Matches,bundesliga,2024-2025
8eb5c94c,83,Nnamdi Collins,GER,"DF,MF",Eintracht Frankfurt,20,2004,24,15,1489,16.5,1,1,2,1,0,0,4,0,0.06,0.06,0.12,0.06,0.12,Matches,bundesliga,2024-2025
042e8a49,84,Kingsley Coman,FRA,MF,Bayern Munich,28,1996,28,14,1282,14.2,5,4,9,5,0,0,0,0,0.35,0.28,0.63,0.35,0.63,Matches,bundesliga,2024-2025
34e09d5f,85,Sirlord Conteh,GER,"MF,FW",Heidenheim,28,1996,29,4,892,9.9,1,1,2,1,0,0,2,0,0.1,0.1,0.2,0.1,0.2,Matches,bundesliga,2024-2025
5ddb8f9f,86,Danny da Costa,GER,DF,Mainz 05,31,1993,25,25,2006,22.3,0,1,1,0,0,0,0,0,0.0,0.04,0.04,0.0,0.04,Matches,bundesliga,2024-2025
1944818c,87,Yan Couto,BRA,"DF,MF",Dortmund,22,2002,21,8,895,9.9,0,0,0,0,0,0,5,0,0.0,0.0,0.0,0.0,0.0,Matches,bundesliga,2024-2025
298c8aa1,88,Tomáš Čvančara,CZE,"MF,FW",Gladbach,23,2000,28,7,831,9.2,2,0,2,2,0,0,5,1,0.22,0.0,0.22,0.22,0.22,Matches,bundesliga,2024-2025
dee3013b,89,Finn Dahmen,GER,GK,Augsburg,26,1998,19,19,1710,19.0,0,0,0,0,0,0,0,0,0.0,0.0,0.0,0.0,0.0,Matches,bundesliga,2024-2025
f194035d,90,Thomas Dähne,GER,GK,Holstein Kiel,30,1994,9,9,810,9.0,0,0,0,0,0,0,0,0,0.0,0.0,0.0,0.0,0.0,Matches,bundesliga,2024-2025
db4ed67b,91,Mahmoud Dahoud,GER,MF,Eintracht Frankfurt,28,1996,9,3,364,4.0,1,1,2,1,0,0,2,0,0.25,0.25,0.49,0.25,0.49,Matches,bundesliga,2024-2025
93e08bce,92,Ameen Al-Dakhil,BEL,DF,Stuttgart,22,2002,7,6,432,4.8,0,0,0,0,0,0,0,1,0.0,0.0,0.0,0.0,0.0,Matches,bundesliga,2024-2025
dcb6f03c,93,Bence Dárdai,HUN,MF,Wolfsburg,18,2006,21,16,1304,14.5,1,1,2,1,0,0,0,0,0.07,0.07,0.14,0.07,0.14,Matches,bundesliga,2024-2025
93a8c4f9,94,Lukas Daschner,GER,"FW,MF",Bochum,25,1998,14,3,412,4.6,1,1,2,1,0,1,0,0,0.22,0.22,0.44,0.22,0.44,Matches,bundesliga,2024-2025
d781d855,95,Alphonso Davies,CAN,DF,Bayern Munich,23,2000,19,17,1560,17.3,1,2,3,1,0,0,0,0,0.06,0.12,0.17,0.06,0.17,Matches,bundesliga,2024-2025
13210854,96,Olivier Deman,BEL,"DF,FW",Werder Bremen,24,2000,9,0,67,0.7,0,0,0,0,0,0,1,0,0.0,0.0,0.0,0.0,0.0,Matches,bundesliga,2024-2025
ed79b7d3,97,Ermedin Demirović,BIH,FW,Stuttgart,26,1998,34,20,1855,20.6,15,1,16,15,0,2,2,0,0.73,0.05,0.78,0.73,0.78,Matches,bundesliga,2024-2025
d82a310a,98,Justin Diehl,GER,MF,Stuttgart,19,2004,6,0,104,1.2,1,0,1,1,0,0,0,0,0.87,0.0,0.87,0.87,0.87,Matches,bundesliga,2024-2025
ac861941,99,Eric Dier,ENG,DF,Bayern Munich,30,1994,21,16,1463,16.3,2,1,3,2,0,0,1,0,0.12,0.06,0.18,0.12,0.18,Matches,bundesliga,2024-2025
95bb6ddc,100,Junior Dina Ebimbe,CMR,MF,Eintracht Frankfurt,23,2000,7,3,293,3.3,0,1,1,0,0,0,0,0,0.0,0.31,0.31,0.0,0.31,Matches,bundesliga,2024-2025
4ccd8957,101,Eren Dinkçi,GER,MF,Freiburg,22,2001,23,13,1196,13.3,0,3,3,0,0,0,1,0,0.0,0.23,0.23,0.0,0.23,Matches,bundesliga,2024-2025
d01bbb6f,102,Ritsu Doan,JPN,MF,Freiburg,26,1998,34,33,2862,31.8,10,7,17,10,0,0,2,0,0.31,0.22,0.53,0.31,0.53,Matches,bundesliga,2024-2025
f67c9d29,103,Danilho Doekhi,NED,DF,Union Berlin,26,1998,34,34,3060,34.0,1,1,2,1,0,0,4,0,0.03,0.03,0.06,0.03,0.06,Matches,bundesliga,2024-2025
7f73bdf4,104,Niklas Dorsch,GER,MF,Augsburg,26,1998,1,0,32,0.4,0,0,0,0,0,0,0,0,0.0,0.0,0.0,0.0,0.0,Matches,bundesliga,2024-2025
7f73bdf4,105,Niklas Dorsch,GER,MF,Heidenheim,26,1998,22,19,1335,14.8,2,2,4,2,0,0,5,1,0.13,0.13,0.27,0.13,0.27,Matches,bundesliga,2024-2025
a8403737,106,Patrick Drewes,GER,GK,Bochum,31,1993,21,21,1890,21.0,0,0,0,0,0,0,2,0,0.0,0.0,0.0,0.0,0.0,Matches,bundesliga,2024-2025
0911b4fc,107,Tim Drexler,GER,DF,Hoffenheim,19,2005,8,5,357,4.0,0,0,0,0,0,0,2,0,0.0,0.0,0.0,0.0,0.0,Matches,bundesliga,2024-2025
638a4d71,108,Marvin Ducksch,GER,FW,Werder Bremen,30,1994,32,30,2418,26.9,8,8,16,7,1,2,3,0,0.3,0.3,0.6,0.26,0.56,Matches,bundesliga,2024-2025
b06a7ae9,109,Julien Duranville,BEL,MF,Dortmund,18,2006,12,2,283,3.1,0,0,0,0,0,0,3,0,0.0,0.0,0.0,0.0,0.0,Matches,bundesliga,2024-2025
75edc8ce,110,Adam Dźwigała,POL,DF,St Pauli,28,1995,16,2,373,4.1,0,0,0,0,0,0,2,1,0.0,0.0,0.0,0.0,0.0,Matches,bundesliga,2024-2025
d571df78,111,Johannes Eggestein,GER,FW,St Pauli,26,1998,27,22,1853,20.6,3,4,7,2,1,2,3,0,0.15,0.19,0.34,0.1,0.29,Matches,bundesliga,2024-2025
beb882a8,112,Maximilian Eggestein,GER,MF,Freiburg,27,1996,33,33,2845,31.6,2,0,2,2,0,0,4,0,0.06,0.0,0.06,0.06,0.06,Matches,bundesliga,2024-2025
5b92d896,113,Hugo Ekitike,FRA,FW,Eintracht Frankfurt,22,2002,33,31,2563,28.5,15,8,23,14,1,3,1,0,0.53,0.28,0.81,0.49,0.77,Matches,bundesliga,2024-2025
cf007308,114,Elif Elmas,MKD,"FW,MF",RB Leipzig,24,1999,2,0,44,0.5,0,0,0,0,0,0,1,0,0.0,0.0,0.0,0.0,0.0,Matches,bundesliga,2024-2025
48035304,115,Nico Elvedi,SUI,DF,Gladbach,27,1996,25,25,2135,23.7,1,1,2,1,0,0,1,0,0.04,0.04,0.08,0.04,0.08,Matches,bundesliga,2024-2025
554bcc91,116,Arne Engels,BEL,FW,Augsburg,20,2003,1,1,79,0.9,0,0,0,0,0,0,1,0,0.0,0.0,0.0,0.0,0.0,Matches,bundesliga,2024-2025
e3f6253d,117,Patrick Erras,GER,DF,Holstein Kiel,29,1995,10,10,832,9.2,1,0,1,1,0,0,2,0,0.11,0.0,0.11,0.11,0.11,Matches,bundesliga,2024-2025
821550ce,118,Samuel Essende,COD,FW,Augsburg,26,1998,30,21,1636,18.2,7,2,9,7,0,0,4,2,0.39,0.11,0.5,0.39,0.5,Matches,bundesliga,2024-2025
ccd0981f,119,Frank Feller,GER,GK,Heidenheim,20,2004,2,1,121,1.3,0,0,0,0,0,0,0,0,0.0,0.0,0.0,0.0,0.0,Matches,bundesliga,2024-2025
79f7302a,120,Kilian Fischer,GER,DF,Wolfsburg,23,2000,32,29,2297,25.5,1,0,1,1,0,0,7,0,0.04,0.0,0.04,0.04,0.04,Matches,bundesliga,2024-2025
1b4be8eb,121,Jonas Föhrenbach,GER,"DF,MF",Heidenheim,28,1996,27,22,1832,20.4,0,1,1,0,0,0,3,0,0.0,0.05,0.05,0.0,0.05,Matches,bundesliga,2024-2025
f86ad3f5,122,Marco Friedl,AUT,DF,Werder Bremen,26,1998,26,25,2161,24.0,0,0,0,0,0,0,10,2,0.0,0.0,0.0,0.0,0.0,Matches,bundesliga,2024-2025
b77f44a4,123,Marvin Friedrich,GER,DF,Gladbach,28,1995,22,9,989,11.0,0,1,1,0,0,0,0,0,0.0,0.09,0.09,0.0,0.09,Matches,bundesliga,2024-2025
74f2e748,124,Jeremie Frimpong,NED,MF,Leverkusen,23,2000,33,25,2314,25.7,5,5,10,5,0,0,4,0,0.19,0.19,0.39,0.19,0.39,Matches,bundesliga,2024-2025
0cf778df,125,Chris Führich,GER,MF,Stuttgart,26,1998,33,23,1981,22.0,2,3,5,2,0,0,1,0,0.09,0.14,0.23,0.09,0.23,Matches,bundesliga,2024-2025
056a8552,126,Shiō Fukuda,JPN,FW,Gladbach,20,2004,6,0,60,0.7,1,0,1,1,0,0,0,0,1.5,0.0,1.5,1.5,1.5,Matches,bundesliga,2024-2025
f27680d9,127,Cristian Gamboa,CRC,MF,Bochum,34,1989,12,1,226,2.5,1,0,1,1,0,0,1,0,0.4,0.0,0.4,0.4,0.4,Matches,bundesliga,2024-2025
a10361d2,128,Aleix García,ESP,MF,Leverkusen,27,1997,28,17,1455,16.2,3,4,7,3,0,0,3,0,0.19,0.25,0.43,0.19,0.43,Matches,bundesliga,2024-2025
92ed2acc,129,Viggo Gebel,GER,MF,RB Leipzig,16,2007,1,0,14,0.2,0,0,0,0,0,0,0,0,0.0,0.0,0.0,0.0,0.0,Matches,bundesliga,2024-2025
242e1043,130,Lutsharel Geertruida,NED,DF,RB Leipzig,24,2000,24,17,1557,17.3,1,0,1,1,0,0,2,0,0.06,0.0,0.06,0.06,0.06,Matches,bundesliga,2024-2025
37f606f0,131,Dennis Geiger,GER,MF,Hoffenheim,26,1998,20,7,734,8.2,0,0,0,0,0,0,4,0,0.0,0.0,0.0,0.0,0.0,Matches,bundesliga,2024-2025
822ed0ec,132,Valentin Gendrey,FRA,"DF,MF",Hoffenheim,24,2000,22,14,1414,15.7,1,1,2,1,0,0,1,0,0.06,0.06,0.13,0.06,0.13,Matches,bundesliga,2024-2025
62ab9184,133,Yannick Gerhardt,GER,"MF,DF",Wolfsburg,30,1994,29,15,1518,16.9,1,1,2,1,0,0,5,1,0.06,0.06,0.12,0.06,0.12,Matches,bundesliga,2024-2025
0ffda76d,134,Max Geschwill,GER,DF,Holstein Kiel,23,2001,19,13,1282,14.2,1,2,3,1,0,0,2,0,0.07,0.14,0.21,0.07,0.21,Matches,bundesliga,2024-2025
112c495e,135,Dimitris Giannoulis,GRE,MF,Augsburg,28,1995,31,31,2650,29.4,1,4,5,1,0,0,8,0,0.03,0.14,0.17,0.03,0.17,Matches,bundesliga,2024-2025
d0a0858e,136,Armin Gigovic,BIH,MF,Holstein Kiel,22,2002,31,23,1895,21.1,5,1,6,5,0,0,5,0,0.24,0.05,0.28,0.24,0.28,Matches,bundesliga,2024-2025
e5f76710,137,Benedikt Gimber,GER,DF,Heidenheim,27,1997,32,32,2671,29.7,0,0,0,0,0,0,9,0,0.0,0.0,0.0,0.0,0.0,Matches,bundesliga,2024-2025
f521b80a,138,Matthias Ginter,GER,DF,Freiburg,30,1994,32,28,2561,28.5,2,1,3,2,0,0,5,0,0.07,0.04,0.11,0.07,0.11,Matches,bundesliga,2024-2025
10745192,139,Jamie Gittens,ENG,MF,Dortmund,19,2004,32,21,1776,19.7,8,3,11,8,0,0,4,0,0.41,0.15,0.56,0.41,0.56,Matches,bundesliga,2024-2025
88e357ef,140,Serge Gnabry,GER,"MF,FW",Bayern Munich,29,1995,27,13,1242,13.8,7,5,12,7,0,1,0,0,0.51,0.36,0.87,0.51,0.87,Matches,bundesliga,2024-2025
64c705d7,141,Tidiam Gomis,FRA,FW,RB Leipzig,17,2006,8,1,152,1.7,0,1,1,0,0,0,2,0,0.0,0.59,0.59,0.0,0.59,Matches,bundesliga,2024-2025
cc86b9a3,142,Leon Goretzka,GER,MF,Bayern Munich,29,1995,26,13,1325,14.7,4,1,5,4,0,0,2,0,0.27,0.07,0.34,0.27,0.34,Matches,bundesliga,2024-2025
2d970560,143,Robin Gosens,GER,MF,Union Berlin,30,1994,1,1,90,1.0,0,0,0,0,0,0,1,0,0.0,0.0,0.0,0.0,0.0,Matches,bundesliga,2024-2025
9efa1d25,144,Mario Götze,GER,MF,Eintracht Frankfurt,32,1992,24,18,1542,17.1,3,2,5,3,0,0,1,0,0.18,0.12,0.29,0.18,0.29,Matches,bundesliga,2024-2025
1025db8e,145,Jeffrey Gouweleeuw,NED,DF,Augsburg,33,1991,33,33,2944,32.7,1,4,5,1,0,1,9,0,0.03,0.12,0.15,0.03,0.15,Matches,bundesliga,2024-2025
62182b1d,146,Kamil Grabara,POL,GK,Wolfsburg,25,1999,29,29,2585,28.7,0,0,0,0,0,0,2,0,0.0,0.0,0.0,0.0,0.0,Matches,bundesliga,2024-2025
8e235926,147,Michael Gregoritsch,AUT,FW,Freiburg,30,1994,20,5,639,7.1,2,1,3,2,0,0,2,0,0.28,0.14,0.42,0.28,0.42,Matches,bundesliga,2024-2025
54e4866f,148,Vincenzo Grifo,ITA,MF,Freiburg,31,1993,34,31,2432,27.0,8,11,19,8,0,3,2,0,0.3,0.41,0.7,0.3,0.7,Matches,bundesliga,2024-2025
ffbbc83b,149,Florian Grillitsch,AUT,"MF,DF",Hoffenheim,28,1995,8,8,601,6.7,0,0,0,0,0,0,1,0,0.0,0.0,0.0,0.0,0.0,Matches,bundesliga,2024-2025
b1f4086c,150,Álex Grimaldo,ESP,MF,Leverkusen,28,1995,32,31,2636,29.3,2,7,9,2,0,0,6,1,0.07,0.24,0.31,0.07,0.31,Matches,bundesliga,2024-2025
8aec0537,151,Pascal Groß,GER,"MF,DF",Dortmund,33,1991,30,28,2327,25.9,0,9,9,0,0,0,5,1,0.0,0.35,0.35,0.0,0.35,Matches,bundesliga,2024-2025
8babb812,152,Marco Grüll,AUT,"FW,MF",Werder Bremen,26,1998,30,13,1181,13.1,6,1,7,6,0,0,1,0,0.46,0.08,0.53,0.46,0.53,Matches,bundesliga,2024-2025
048a1cbc,153,Raphaël Guerreiro,POR,"DF,MF",Bayern Munich,30,1993,23,19,1572,17.5,4,4,8,4,0,0,2,0,0.23,0.23,0.46,0.23,0.46,Matches,bundesliga,2024-2025
79b51257,154,Morgan Guilavogui,GUI,"FW,MF",St Pauli,26,1998,25,21,1807,20.1,6,2,8,6,0,0,6,0,0.3,0.1,0.4,0.3,0.4,Matches,bundesliga,2024-2025
923f4dda,155,Serhou Guirassy,GUI,FW,Dortmund,28,1996,30,29,2598,28.9,21,4,25,18,3,4,4,0,0.73,0.14,0.87,0.62,0.76,Matches,bundesliga,2024-2025
bcb2ccd8,156,Péter Gulácsi,HUN,GK,RB Leipzig,34,1990,30,30,2631,29.2,0,0,0,0,0,0,0,0,0.0,0.0,0.0,0.0,0.0,Matches,bundesliga,2024-2025
1df0c0b9,157,Robert Gumny,POL,MF,Augsburg,26,1998,7,2,271,3.0,0,0,0,0,0,0,2,0,0.0,0.0,0.0,0.0,0.0,Matches,bundesliga,2024-2025
8593f88c,158,Christian Günter,GER,DF,Freiburg,31,1993,29,27,2314,25.7,2,2,4,2,0,0,0,0,0.08,0.08,0.16,0.08,0.16,Matches,bundesliga,2024-2025
70dcf94d,159,Janik Haberer,GER,MF,Union Berlin,30,1994,28,21,1696,18.8,0,0,0,0,0,0,1,0,0.0,0.0,0.0,0.0,0.0,Matches,bundesliga,2024-2025
0174ba21,160,Robin Hack,GER,MF,Gladbach,25,1998,33,27,2172,24.1,4,7,11,4,0,0,4,0,0.17,0.29,0.46,0.17,0.46,Matches,bundesliga,2024-2025
92432bc6,161,Amadou Haidara,MLI,MF,RB Leipzig,26,1998,28,16,1320,14.7,0,1,1,0,0,0,7,0,0.0,0.07,0.07,0.0,0.07,Matches,bundesliga,2024-2025
2e77d607,162,Andreas Hanche-Olsen,NOR,DF,Mainz 05,27,1997,22,12,1284,14.3,1,1,2,1,0,0,4,1,0.07,0.07,0.14,0.07,0.14,Matches,bundesliga,2024-2025
07db670d,163,Phil Harres,GER,FW,Holstein Kiel,22,2002,26,17,1544,17.2,8,1,9,8,0,0,3,0,0.47,0.06,0.52,0.47,0.52,Matches,bundesliga,2024-2025
5a28ad23,164,Ramon Hendriks,NED,DF,Stuttgart,23,2001,25,10,1154,12.8,0,1,1,0,0,0,3,0,0.0,0.08,0.08,0.0,0.08,Matches,bundesliga,2024-2025
ffaf1c99,165,Paul Hennrich,GER,MF,Hoffenheim,19,2005,1,0,12,0.1,0,0,0,0,0,0,0,0,0.0,0.0,0.0,0.0,0.0,Matches,bundesliga,2024-2025
0a89e877,166,Benjamin Henrichs,GER,"DF,MF",RB Leipzig,27,1997,15,10,935,10.4,0,2,2,0,0,0,3,0,0.0,0.19,0.19,0.0,0.19,Matches,bundesliga,2024-2025
555f3a0b,167,Mario Hermoso,ESP,DF,Leverkusen,29,1995,4,3,293,3.3,0,0,0,0,0,0,0,0,0.0,0.0,0.0,0.0,0.0,Matches,bundesliga,2024-2025
0c7a48f8,168,Piero Hincapié,ECU,DF,Leverkusen,22,2002,32,28,2670,29.7,2,2,4,2,0,0,8,0,0.07,0.07,0.13,0.07,0.13,Matches,bundesliga,2024-2025
5521f419,169,Adam Hložek,CZE,"FW,MF",Hoffenheim,22,2002,27,22,1871,20.8,8,4,12,8,0,0,2,0,0.38,0.19,0.58,0.38,0.58,Matches,bundesliga,2024-2025
5d8e331f,170,Nicolas Höfler,GER,MF,Freiburg,34,1990,20,7,794,8.8,0,0,0,0,0,0,3,0,0.0,0.0,0.0,0.0,0.0,Matches,bundesliga,2024-2025
2903a856,171,Jonas Hofmann,GER,MF,Leverkusen,32,1992,11,4,356,4.0,2,1,3,2,0,0,1,0,0.51,0.25,0.76,0.51,0.76,Matches,bundesliga,2024-2025
877bc844,172,Philipp Hofmann,GER,FW,Bochum,31,1993,32,27,2277,25.3,3,3,6,3,0,0,4,0,0.12,0.12,0.24,0.12,0.24,Matches,bundesliga,2024-2025
ca618d23,173,Lucas Höler,GER,"FW,MF",Freiburg,30,1994,31,21,1867,20.7,6,4,10,6,0,1,3,0,0.29,0.19,0.48,0.29,0.48,Matches,bundesliga,2024-2025
2a158218,174,Benedict Hollerbach,GER,"FW,MF",Union Berlin,23,2001,34,30,2540,28.2,9,1,10,9,0,0,3,0,0.32,0.04,0.35,0.32,0.35,Matches,bundesliga,2024-2025
410ab123,175,Lewis Holtby,GER,MF,Holstein Kiel,33,1990,25,13,1238,13.8,0,1,1,0,0,0,1,1,0.0,0.07,0.07,0.0,0.07,Matches,bundesliga,2024-2025
2979c05a,176,Gerrit Holtmann,PHI,"MF,DF",Bochum,29,1995,23,12,1136,12.6,2,1,3,2,0,0,2,0,0.16,0.08,0.24,0.16,0.24,Matches,bundesliga,2024-2025
db7849ca,177,Franck Honorat,FRA,MF,Gladbach,27,1996,19,18,1439,16.0,4,7,11,4,0,0,0,0,0.25,0.44,0.69,0.25,0.69,Matches,bundesliga,2024-2025
3dbdbb6a,178,Mathias Honsak,AUT,"MF,FW",Heidenheim,27,1996,22,12,1181,13.1,5,1,6,5,0,0,1,0,0.38,0.08,0.46,0.38,0.46,Matches,bundesliga,2024-2025
3cd9e95a,179,Timo Horn,GER,GK,Bochum,31,1993,13,13,1170,13.0,0,0,0,0,0,0,2,0,0.0,0.0,0.0,0.0,0.0,Matches,bundesliga,2024-2025
ad3389d5,180,Lukáš Hrádecký,FIN,GK,Leverkusen,34,1989,29,29,2610,29.0,0,0,0,0,0,0,1,0,0.0,0.0,0.0,0.0,0.0,Matches,bundesliga,2024-2025
95d5aea2,181,Robin Hranáč,CZE,DF,Hoffenheim,24,2000,4,2,219,2.4,0,0,0,0,0,0,0,0,0.0,0.0,0.0,0.0,0.0,Matches,bundesliga,2024-2025
9a234cc9,182,Hong Hyunseok,KOR,MF,Mainz 05,25,1999,23,4,530,5.9,0,1,1,0,0,0,0,0,0.0,0.17,0.17,0.0,0.17,Matches,bundesliga,2024-2025
3e2bbae6,183,Oscar Højlund,DEN,MF,Eintracht Frankfurt,19,2005,20,7,722,8.0,1,0,1,1,0,0,0,0,0.12,0.0,0.12,0.12,0.12,Matches,bundesliga,2024-2025
f5c4fd91,184,Arijon Ibrahimović,GER,MF,Bayern Munich,18,2005,1,0,1,0.0,0,0,0,0,0,0,0,0,0.0,0.0,0.0,0.0,0.0,Matches,bundesliga,2024-2025
cd2cb5bb,185,Andrej Ilic,SRB,FW,Union Berlin,24,2000,16,11,937,10.4,7,0,7,6,1,1,1,0,0.67,0.0,0.67,0.58,0.58,Matches,bundesliga,2024-2025
4637747c,186,Jackson Irvine,AUS,MF,St Pauli,31,1993,29,29,2610,29.0,0,6,6,0,0,0,2,0,0.0,0.21,0.21,0.0,0.21,Matches,bundesliga,2024-2025
97d545ae,187,Ko Itakura,JPN,DF,Gladbach,27,1997,31,31,2790,31.0,3,0,3,3,0,0,5,0,0.1,0.0,0.1,0.1,0.1,Matches,bundesliga,2024-2025
204dded0,188,Hiroki Ito,JPN,DF,Bayern Munich,25,1999,6,3,250,2.8,1,0,1,1,0,0,1,0,0.36,0.0,0.36,0.36,0.36,Matches,bundesliga,2024-2025
964f4f30,189,Marko Ivezić,SRB,DF,Holstein Kiel,22,2001,23,18,1657,18.4,0,0,0,0,0,0,5,0,0.0,0.0,0.0,0.0,0.0,Matches,bundesliga,2024-2025
34b0387f,190,Lee Jae-sung,KOR,MF,Mainz 05,31,1992,33,31,2650,29.4,7,6,13,7,0,0,4,0,0.24,0.2,0.44,0.24,0.44,Matches,bundesliga,2024-2025
a8ee54ad,191,Kristijan Jakić,CRO,MF,Augsburg,27,1997,31,27,2306,25.6,0,1,1,0,0,0,2,0,0.0,0.04,0.04,0.0,0.04,Matches,bundesliga,2024-2025
a400da8e,192,Luca Jaquez,SUI,DF,Stuttgart,21,2003,5,2,253,2.8,0,0,0,0,0,0,0,0,0.0,0.0,0.0,0.0,0.0,Matches,bundesliga,2024-2025
3a2cf67d,193,Dominik Javorček,SVK,"MF,DF",Holstein Kiel,21,2002,13,4,386,4.3,0,2,2,0,0,0,2,0,0.0,0.47,0.47,0.0,0.47,Matches,bundesliga,2024-2025
227c9f36,194,Finn Jeltsch,GER,DF,Stuttgart,18,2006,12,9,780,8.7,0,0,0,0,0,0,2,0,0.0,0.0,0.0,0.0,0.0,Matches,bundesliga,2024-2025
3eeb80e0,195,Fredrik Jensen,FIN,"MF,FW",Augsburg,26,1997,20,9,763,8.5,0,0,0,0,0,0,0,0,0.0,0.0,0.0,0.0,0.0,Matches,bundesliga,2024-2025
ee644761,196,Moritz Jenz,GER,DF,Mainz 05,25,1999,19,18,1600,17.8,0,0,0,0,0,0,4,0,0.0,0.0,0.0,0.0,0.0,Matches,bundesliga,2024-2025
02f7a79a,197,Carl Johansson,SWE,DF,Holstein Kiel,30,1994,10,7,568,6.3,0,0,0,0,0,0,0,1,0.0,0.0,0.0,0.0,0.0,Matches,bundesliga,2024-2025
de838f86,198,Anthony Jung,GER,DF,Werder Bremen,32,1991,28,20,1898,21.1,0,0,0,0,0,0,1,0,0.0,0.0,0.0,0.0,0.0,Matches,bundesliga,2024-2025
0a084b35,199,Josip Juranović,CRO,"MF,DF",Union Berlin,28,1995,17,13,1159,12.9,0,1,1,0,0,0,4,0,0.0,0.08,0.08,0.0,0.08,Matches,bundesliga,2024-2025
d7a03bf3,200,David Jurásek,CZE,"DF,MF",Hoffenheim,23,2000,14,6,619,6.9,0,1,1,0,0,0,0,0,0.0,0.15,0.15,0.0,0.15,Matches,bundesliga,2024-2025
a4a94bb2,201,Yusuf Kabadayı,GER,FW,Augsburg,20,2004,5,0,71,0.8,1,0,1,1,0,0,0,0,1.27,0.0,1.27,1.27,1.27,Matches,bundesliga,2024-2025
02a10dc0,202,Almugera Kabar,GER,DF,Dortmund,18,2006,5,1,137,1.5,0,0,0,0,0,0,2,1,0.0,0.0,0.0,0.0,0.0,Matches,bundesliga,2024-2025
c066d1a5,203,Issa Kaboré,BFA,MF,Werder Bremen,23,2001,9,3,308,3.4,0,0,0,0,0,0,0,0,0.0,0.0,0.0,0.0,0.0,Matches,bundesliga,2024-2025
79c90e45,204,Pavel Kadeřábek,CZE,"MF,DF",Hoffenheim,32,1992,24,18,1576,17.5,2,0,2,2,0,0,6,0,0.11,0.0,0.11,0.11,0.11,Matches,bundesliga,2024-2025
202b3b68,205,Jakub Kamiński,POL,"MF,DF",Wolfsburg,22,2002,22,12,1130,12.6,0,2,2,0,0,0,2,0,0.0,0.16,0.16,0.0,0.16,Matches,bundesliga,2024-2025
b825a650,206,Kevin Kampl,SVN,MF,RB Leipzig,33,1990,26,18,1593,17.7,1,0,1,1,0,0,5,0,0.06,0.0,0.06,0.06,0.06,Matches,bundesliga,2024-2025
21a66f6a,207,Harry Kane,ENG,FW,Bayern Munich,31,1993,31,28,2381,26.5,26,9,35,17,9,9,5,0,0.98,0.34,1.32,0.64,0.98,Matches,bundesliga,2024-2025
5762be5c,208,Atakan Karazor,TUR,MF,Stuttgart,27,1996,32,31,2618,29.1,2,4,6,2,0,0,10,1,0.07,0.14,0.21,0.07,0.21,Matches,bundesliga,2024-2025
6e269dd3,209,Mikkel Kaufmann,DEN,"FW,MF",Heidenheim,23,2001,9,3,372,4.1,0,0,0,0,0,0,2,0,0.0,0.0,0.0,0.0,0.0,Matches,bundesliga,2024-2025
d2c580ce,210,Yannik Keitel,GER,MF,Stuttgart,24,2000,11,2,270,3.0,0,0,0,0,0,0,1,0,0.0,0.0,0.0,0.0,0.0,Matches,bundesliga,2024-2025
58391f96,211,Andu Kelati,GER,MF,Holstein Kiel,21,2002,8,2,288,3.2,1,1,2,1,0,0,2,1,0.31,0.31,0.62,0.31,0.62,Matches,bundesliga,2024-2025
285c7011,212,Thomas Keller,GER,"MF,DF",Heidenheim,24,1999,6,2,148,1.6,0,0,0,0,0,0,2,0,0.0,0.0,0.0,0.0,0.0,Matches,bundesliga,2024-2025
4658e309,213,Aljoscha Kemlein,GER,MF,Union Berlin,19,2004,15,11,922,10.2,1,0,1,1,0,0,3,0,0.1,0.0,0.1,0.1,0.1,Matches,bundesliga,2024-2025
c107935c,214,Luca Kerber,GER,MF,Heidenheim,22,2002,23,7,783,8.7,2,0,2,2,0,0,4,0,0.23,0.0,0.23,0.23,0.23,Matches,bundesliga,2024-2025
59e4b92e,215,Rani Khedira,GER,MF,Union Berlin,30,1994,32,31,2723,30.3,1,1,2,1,0,0,7,0,0.03,0.03,0.07,0.03,0.07,Matches,bundesliga,2024-2025
49296448,216,Joshua Kimmich,GER,MF,Bayern Munich,29,1995,33,32,2847,31.6,3,7,10,3,0,0,4,0,0.09,0.22,0.32,0.09,0.32,Matches,bundesliga,2024-2025
258a6f4d,217,Tim Kleindienst,GER,FW,Gladbach,28,1995,31,31,2737,30.4,16,7,23,15,1,2,5,1,0.53,0.23,0.76,0.49,0.72,Matches,bundesliga,2024-2025
ca8033cb,218,Lukas Klostermann,GER,DF,RB Leipzig,28,1996,28,20,1838,20.4,1,0,1,1,0,0,5,0,0.05,0.0,0.05,0.05,0.05,Matches,bundesliga,2024-2025
19a967ab,219,Ansgar Knauff,GER,MF,Eintracht Frankfurt,22,2002,30,18,1597,17.7,4,5,9,4,0,0,3,0,0.23,0.28,0.51,0.23,0.51,Matches,bundesliga,2024-2025
a48fb0c7,220,Magnus Knudsen,NOR,MF,Holstein Kiel,23,2001,31,22,1850,20.6,0,1,1,0,0,0,7,0,0.0,0.05,0.05,0.0,0.05,Matches,bundesliga,2024-2025
cd59b9df,221,Gregor Kobel,SUI,GK,Dortmund,26,1997,32,32,2880,32.0,0,0,0,0,0,0,1,0,0.0,0.0,0.0,0.0,0.0,Matches,bundesliga,2024-2025
ea6bc03a,222,Robin Koch,GER,DF,Eintracht Frankfurt,28,1996,30,30,2586,28.7,3,0,3,3,0,0,3,0,0.1,0.0,0.1,0.1,0.1,Matches,bundesliga,2024-2025
b735b590,223,Derrick Köhn,GHA,"MF,DF",Werder Bremen,25,1999,27,14,1343,14.9,2,2,4,2,0,0,2,0,0.13,0.13,0.27,0.13,0.27,Matches,bundesliga,2024-2025
0fbecd11,224,Dominik Kohr,GER,"DF,MF",Mainz 05,30,1994,28,28,2295,25.5,2,0,2,2,0,0,11,1,0.08,0.0,0.08,0.08,0.08,Matches,bundesliga,2024-2025
e7efcdb8,225,Marco Komenda,CRO,DF,Holstein Kiel,27,1996,19,17,1307,14.5,0,0,0,0,0,0,3,0,0.0,0.0,0.0,0.0,0.0,Matches,bundesliga,2024-2025
ec68a918,226,Mert Kömür,GER,MF,Augsburg,19,2005,20,5,654,7.3,2,1,3,2,0,0,1,0,0.28,0.14,0.41,0.28,0.41,Matches,bundesliga,2024-2025
68dca6f9,227,Kacper Koscierski,GER,DF,Bochum,17,2007,1,0,7,0.1,0,0,0,0,0,0,0,0,0.0,0.0,0.0,0.0,0.0,Matches,bundesliga,2024-2025
2b9745cb,228,Henri Koudossou,GER,MF,Augsburg,24,1999,21,4,748,8.3,0,0,0,0,0,0,1,0,0.0,0.0,0.0,0.0,0.0,Matches,bundesliga,2024-2025
cba21b0d,229,Konstantinos Koulierakis,GRE,DF,Wolfsburg,20,2003,30,28,2468,27.4,0,2,2,0,0,0,4,0,0.0,0.07,0.07,0.0,0.07,Matches,bundesliga,2024-2025
bc67a0e1,230,Matej Kovar,CZE,GK,Leverkusen,24,2000,5,5,450,5.0,0,0,0,0,0,0,0,0,0.0,0.0,0.0,0.0,0.0,Matches,bundesliga,2024-2025
603cb947,231,Andrej Kramarić,CRO,MF,Hoffenheim,33,1991,32,32,2767,30.7,11,8,19,8,3,3,4,0,0.36,0.26,0.62,0.26,0.52,Matches,bundesliga,2024-2025
1fc08838,232,Frans Krätzig,GER,"MF,DF",Heidenheim,21,2003,16,15,1217,13.5,1,2,3,1,0,0,1,0,0.07,0.15,0.22,0.07,0.22,Matches,bundesliga,2024-2025
1fc08838,233,Frans Krätzig,GER,DF,Stuttgart,21,2003,1,1,56,0.6,0,0,0,0,0,0,0,0,0.0,0.0,0.0,0.0,0.0,Matches,bundesliga,2024-2025
9f77012e,234,Tom Krauß,GER,MF,Bochum,23,2001,14,13,1077,12.0,0,0,0,0,0,0,2,0,0.0,0.0,0.0,0.0,0.0,Matches,bundesliga,2024-2025
39769cff,235,Rasmus Kristensen,DEN,"DF,MF",Eintracht Frankfurt,27,1997,30,28,2513,27.9,5,3,8,5,0,0,4,0,0.18,0.11,0.29,0.18,0.29,Matches,bundesliga,2024-2025
2a29eb9b,236,Lukas Kübler,GER,DF,Freiburg,31,1992,28,22,1842,20.5,5,1,6,5,0,0,5,0,0.24,0.05,0.29,0.24,0.29,Matches,bundesliga,2024-2025
c7c26e61,237,Jonah Kusi-Asare,SWE,FW,Bayern Munich,17,2007,1,0,3,0.0,0,0,0,0,0,0,0,0,0.0,0.0,0.0,0.0,0.0,Matches,bundesliga,2024-2025
1e2057aa,238,Moritz-Broni Kwarteng,GHA,MF,Bochum,26,1998,7,0,172,1.9,0,0,0,0,0,0,1,0,0.0,0.0,0.0,0.0,0.0,Matches,bundesliga,2024-2025
208fc867,239,Nediljko Labrović,CRO,GK,Augsburg,24,1999,15,15,1350,15.0,0,0,0,0,0,0,0,0,0.0,0.0,0.0,0.0,0.0,Matches,bundesliga,2024-2025
c1b7847c,240,Konrad Laimer,AUT,DF,Bayern Munich,27,1997,29,19,1699,18.9,2,2,4,2,0,0,8,0,0.11,0.11,0.21,0.11,0.21,Matches,bundesliga,2024-2025
4aea5077,241,Stefan Lainer,AUT,DF,Gladbach,31,1992,21,6,757,8.4,1,0,1,1,0,0,2,0,0.12,0.0,0.12,0.12,0.12,Matches,bundesliga,2024-2025
00c9a283,242,Hugo Larsson,SWE,MF,Eintracht Frankfurt,20,2004,33,28,2393,26.6,3,1,4,3,0,0,2,0,0.11,0.04,0.15,0.11,0.15,Matches,bundesliga,2024-2025
c4987edc,243,Diogo Leite,POR,DF,Union Berlin,25,1999,30,29,2546,28.3,1,2,3,1,0,0,3,0,0.04,0.07,0.11,0.04,0.11,Matches,bundesliga,2024-2025
7e12a98d,244,Maxim Leitsch,GER,DF,Mainz 05,26,1998,14,6,674,7.5,1,0,1,1,0,0,2,0,0.13,0.0,0.13,0.13,0.13,Matches,bundesliga,2024-2025
13fe7b69,245,Jamie Leweling,GER,MF,Stuttgart,23,2001,27,22,1663,18.5,2,2,4,2,0,0,4,0,0.11,0.11,0.22,0.11,0.22,Matches,bundesliga,2024-2025
302527b2,246,Philipp Lienhart,AUT,DF,Freiburg,28,1996,32,31,2770,30.8,1,0,1,1,0,0,5,0,0.03,0.0,0.03,0.03,0.03,Matches,bundesliga,2024-2025
774b7f08,247,Marin Ljubicic,CRO,FW,Union Berlin,22,2002,13,1,281,3.1,1,1,2,1,0,0,1,0,0.32,0.32,0.64,0.32,0.64,Matches,bundesliga,2024-2025
07c7eb0c,248,Anthony Losilla,FRA,MF,Bochum,38,1986,21,13,1137,12.6,0,0,0,0,0,0,1,0,0.0,0.0,0.0,0.0,0.0,Matches,bundesliga,2024-2025
10e5f256,249,Yannik Lührs,GER,DF,Dortmund,20,2003,3,1,127,1.4,0,0,0,0,0,0,0,0,0.0,0.0,0.0,0.0,0.0,Matches,bundesliga,2024-2025
5b9512c5,250,Castello Lukeba,FRA,DF,RB Leipzig,21,2002,23,18,1577,17.5,0,0,0,0,0,0,2,0,0.0,0.0,0.0,0.0,0.0,Matches,bundesliga,2024-2025
0ed60738,251,Senne Lynen,BEL,MF,Werder Bremen,25,1999,32,32,2733,30.4,0,1,1,0,0,0,9,0,0.0,0.03,0.03,0.0,0.03,Matches,bundesliga,2024-2025
964dde35,252,Shuto Machino,JPN,"FW,MF",Holstein Kiel,24,1999,32,23,1953,21.7,11,2,13,9,2,2,2,0,0.51,0.09,0.6,0.41,0.51,Matches,bundesliga,2024-2025
ab700320,253,Arne Maier,GER,MF,Augsburg,25,1999,28,7,938,10.4,0,0,0,0,0,0,0,1,0.0,0.0,0.0,0.0,0.0,Matches,bundesliga,2024-2025
dd9caa07,254,Patrick Mainka,GER,DF,Heidenheim,29,1994,34,34,3060,34.0,1,1,2,1,0,0,3,0,0.03,0.03,0.06,0.03,0.06,Matches,bundesliga,2024-2025
fc46aab1,255,Lovro Majer,CRO,MF,Wolfsburg,26,1998,9,3,304,3.4,2,1,3,1,1,1,1,0,0.59,0.3,0.89,0.3,0.59,Matches,bundesliga,2024-2025
14b09c41,256,Jordy Makengo,FRA,DF,Freiburg,22,2001,19,7,745,8.3,0,0,0,0,0,0,1,0,0.0,0.0,0.0,0.0,0.0,Matches,bundesliga,2024-2025
d17b4d71,257,Jarzinho Malanga,GER,MF,Stuttgart,18,2006,1,0,2,0.0,0,0,0,0,0,0,0,0,0.0,0.0,0.0,0.0,0.0,Matches,bundesliga,2024-2025
8b84b707,258,Julián Malatini,ARG,DF,Werder Bremen,23,2001,10,5,454,5.0,1,1,2,1,0,0,1,0,0.2,0.2,0.4,0.2,0.4,Matches,bundesliga,2024-2025
116c35df,259,Donyell Malen,NED,MF,Dortmund,25,1999,14,6,614,6.8,3,0,3,3,0,0,1,0,0.44,0.0,0.44,0.44,0.44,Matches,bundesliga,2024-2025
75402e99,260,Lennard Maloney,USA,"MF,DF",Heidenheim,24,1999,11,10,760,8.4,0,0,0,0,0,0,1,0,0.0,0.0,0.0,0.0,0.0,Matches,bundesliga,2024-2025
75402e99,261,Lennard Maloney,USA,"DF,MF",Mainz 05,24,1999,5,0,26,0.3,0,0,0,0,0,0,1,0,0.0,0.0,0.0,0.0,0.0,Matches,bundesliga,2024-2025
8fcf0e12,262,Johan Manzambi,SUI,MF,Freiburg,18,2005,11,4,335,3.7,2,1,3,2,0,0,2,0,0.54,0.27,0.81,0.54,0.81,Matches,bundesliga,2024-2025
0e0102eb,263,Omar Marmoush,EGY,"FW,MF",Eintracht Frankfurt,25,1999,17,17,1448,16.1,15,9,24,13,2,2,2,0,0.93,0.56,1.49,0.81,1.37,Matches,bundesliga,2024-2025
9d689a5b,264,Giorgos Masouras,GRE,FW,Bochum,30,1994,14,12,1055,11.7,2,1,3,2,0,0,1,0,0.17,0.09,0.26,0.17,0.26,Matches,bundesliga,2024-2025
a396fb61,265,Erhan Mašović,SRB,"DF,MF",Bochum,25,1998,16,10,910,10.1,1,1,2,1,0,0,2,0,0.1,0.1,0.2,0.1,0.2,Matches,bundesliga,2024-2025
948e1292,266,Igor Matanovic,CRO,FW,Eintracht Frankfurt,21,2003,16,2,312,3.5,1,0,1,1,0,0,0,0,0.29,0.0,0.29,0.29,0.29,Matches,bundesliga,2024-2025
cf1ef7ec,267,Chrislain Matsima,FRA,DF,Augsburg,22,2002,30,28,2551,28.3,1,1,2,1,0,0,4,0,0.04,0.04,0.07,0.04,0.07,Matches,bundesliga,2024-2025
70d4c949,268,Jean Mattéo Bahoya,FRA,MF,Eintracht Frankfurt,19,2005,24,10,921,10.2,2,3,5,2,0,0,3,0,0.2,0.29,0.49,0.2,0.49,Matches,bundesliga,2024-2025
b0e50531,269,Maurides,BRA,FW,St Pauli,30,1994,1,0,2,0.0,0,0,0,0,0,0,0,0,0.0,0.0,0.0,0.0,0.0,Matches,bundesliga,2024-2025
5f5ebdae,270,Jakov Medić,CRO,DF,Bochum,25,1998,23,17,1603,17.8,1,0,1,1,0,0,2,0,0.06,0.0,0.06,0.06,0.06,Matches,bundesliga,2024-2025
73ce4d7d,271,Connor Metcalfe,AUS,"MF,FW",St Pauli,24,1999,10,3,358,4.0,0,0,0,0,0,0,2,1,0.0,0.0,0.0,0.0,0.0,Matches,bundesliga,2024-2025
ef2ad14e,272,Karol Mets,EST,DF,St Pauli,31,1993,10,10,900,10.0,0,0,0,0,0,0,1,0,0.0,0.0,0.0,0.0,0.0,Matches,bundesliga,2024-2025
b56dd813,273,Alexander Meyer,GER,GK,Dortmund,33,1991,2,2,180,2.0,0,0,0,0,0,0,0,0,0.0,0.0,0.0,0.0,0.0,Matches,bundesliga,2024-2025
0024cb81,274,Florian Micheler,AUT,MF,Hoffenheim,19,2005,1,0,32,0.4,0,0,0,0,0,0,1,0,0.0,0.0,0.0,0.0,0.0,Matches,bundesliga,2024-2025
f76022e7,275,Enzo Millot,FRA,MF,Stuttgart,22,2002,29,22,1843,20.5,6,5,11,6,0,1,9,0,0.29,0.24,0.54,0.29,0.54,Matches,bundesliga,2024-2025
e0f8151c,276,Kim Min-jae,KOR,DF,Bayern Munich,27,1996,27,27,2283,25.4,2,0,2,2,0,0,2,0,0.08,0.0,0.08,0.08,0.08,Matches,bundesliga,2024-2025
88d4144a,277,Maximilian Mittelstädt,GER,"DF,MF",Stuttgart,27,1997,31,28,2469,27.4,1,7,8,1,0,0,5,0,0.04,0.26,0.29,0.04,0.29,Matches,bundesliga,2024-2025
77bf714c,278,Koji Miyoshi,JPN,"MF,FW",Bochum,27,1997,15,6,464,5.2,1,0,1,1,0,0,0,1,0.19,0.0,0.19,0.19,0.19,Matches,bundesliga,2024-2025
710045fb,279,Max Moerstedt,GER,"FW,MF",Hoffenheim,18,2006,12,5,451,5.0,0,0,0,0,0,0,2,0,0.0,0.0,0.0,0.0,0.0,Matches,bundesliga,2024-2025
f8bd4ad4,280,David Mokwa,FRA,FW,Hoffenheim,20,2004,2,0,22,0.2,0,0,0,0,0,0,0,0,0.0,0.0,0.0,0.0,0.0,Matches,bundesliga,2024-2025
19ba6c6d,281,Steve Mounié,BEN,MF,Augsburg,29,1994,16,1,347,3.9,1,0,1,1,0,0,2,0,0.26,0.0,0.26,0.26,0.26,Matches,bundesliga,2024-2025
ac73ec79,282,Nordi Mukiele,FRA,"DF,MF",Leverkusen,26,1997,15,10,899,10.0,1,0,1,1,0,0,4,0,0.1,0.0,0.1,0.1,0.1,Matches,bundesliga,2024-2025
cbac6ec9,283,Florian Müller,GER,GK,Freiburg,26,1997,9,8,753,8.4,0,0,0,0,0,0,0,0,0.0,0.0,0.0,0.0,0.0,Matches,bundesliga,2024-2025
f256f213,284,Kevin Müller,GER,GK,Heidenheim,33,1991,33,33,2939,32.7,0,0,0,0,0,0,0,0,0.0,0.0,0.0,0.0,0.0,Matches,bundesliga,2024-2025
04ac779b,285,Marius Müller,GER,GK,Wolfsburg,31,1993,6,5,475,5.3,0,0,0,0,0,0,0,0,0.0,0.0,0.0,0.0,0.0,Matches,bundesliga,2024-2025
3c6089ab,286,Thomas Müller,GER,"MF,FW",Bayern Munich,34,1989,30,12,1225,13.6,1,4,5,1,0,0,3,0,0.07,0.29,0.37,0.07,0.37,Matches,bundesliga,2024-2025
2c0558b8,287,Jamal Musiala,GER,MF,Bayern Munich,21,2003,25,21,1798,20.0,12,2,14,12,0,0,3,0,0.6,0.1,0.7,0.6,0.7,Matches,bundesliga,2024-2025
ae961785,288,Florent Muslija,KVX,"FW,MF",Freiburg,26,1998,9,0,168,1.9,0,0,0,0,0,0,0,0,0.0,0.0,0.0,0.0,0.0,Matches,bundesliga,2024-2025
2ff76adc,289,Phillipp Mwene,AUT,MF,Mainz 05,30,1994,32,32,2607,29.0,1,4,5,1,0,0,7,0,0.03,0.14,0.17,0.03,0.17,Matches,bundesliga,2024-2025
c459a650,290,Joakim Mæhle,DEN,"DF,MF",Wolfsburg,27,1997,28,25,2188,24.3,3,4,7,3,0,0,6,0,0.12,0.16,0.29,0.12,0.29,Matches,bundesliga,2024-2025
e110ea4b,291,Nathan N'Goumou,CMR,MF,Gladbach,24,2000,19,9,828,9.2,2,1,3,2,0,0,0,0,0.22,0.11,0.33,0.22,0.33,Matches,bundesliga,2024-2025
61590953,292,Stanley N'Soki,FRA,DF,Hoffenheim,25,1999,22,16,1308,14.5,0,0,0,0,0,0,3,1,0.0,0.0,0.0,0.0,0.0,Matches,bundesliga,2024-2025
30261ba1,293,Nikolas Nartey,DEN,MF,Stuttgart,24,2000,1,0,22,0.2,0,0,0,0,0,0,0,0,0.0,0.0,0.0,0.0,0.0,Matches,bundesliga,2024-2025
1b6d8083,294,Paul Nebel,GER,MF,Mainz 05,21,2002,31,26,2345,26.1,10,4,14,10,0,0,5,1,0.38,0.15,0.54,0.38,0.54,Matches,bundesliga,2024-2025
c70be9cf,295,Kosta Nedeljković,SRB,"DF,MF",RB Leipzig,18,2005,10,6,479,5.3,0,0,0,0,0,0,1,0,0.0,0.0,0.0,0.0,0.0,Matches,bundesliga,2024-2025
d5656169,296,Ivan Nekić,CRO,DF,Holstein Kiel,23,2000,1,1,71,0.8,0,0,0,0,0,0,0,0,0.0,0.0,0.0,0.0,0.0,Matches,bundesliga,2024-2025
da76715c,297,David Nemeth,AUT,DF,St Pauli,23,2001,24,24,2137,23.7,0,1,1,0,0,0,3,0,0.0,0.04,0.04,0.0,0.04,Matches,bundesliga,2024-2025
e79269bd,298,Luca Netz,GER,DF,Gladbach,21,2003,24,8,969,10.8,0,2,2,0,0,0,2,0,0.0,0.19,0.19,0.0,0.19,Matches,bundesliga,2024-2025
8778c910,299,Manuel Neuer,GER,GK,Bayern Munich,38,1986,22,22,1980,22.0,0,0,0,0,0,0,0,0,0.0,0.0,0.0,0.0,0.0,Matches,bundesliga,2024-2025
36a59ba4,300,Florian Neuhaus,GER,MF,Gladbach,27,1997,18,2,382,4.2,0,1,1,0,0,0,1,0,0.0,0.24,0.24,0.0,0.24,Matches,bundesliga,2024-2025
226ddf9d,301,Moritz Nicolas,GER,GK,Gladbach,26,1997,19,19,1639,18.2,0,0,0,0,0,0,0,0,0.0,0.0,0.0,0.0,0.0,Matches,bundesliga,2024-2025
5bc27912,302,Julian Niehues,GER,MF,Heidenheim,23,2001,8,0,154,1.7,0,0,0,0,0,0,1,0,0.0,0.0,0.0,0.0,0.0,Matches,bundesliga,2024-2025
a45241d5,303,Justin Njinmah,GER,"FW,MF",Werder Bremen,23,2000,26,10,952,10.6,3,2,5,3,0,0,1,0,0.28,0.19,0.47,0.28,0.47,Matches,bundesliga,2024-2025
f5b281e7,304,Niels Nkounkou,FRA,"MF,DF",Eintracht Frankfurt,23,2000,12,4,382,4.2,0,0,0,0,0,0,1,0,0.0,0.0,0.0,0.0,0.0,Matches,bundesliga,2024-2025
091c86e2,305,Felix Nmecha,GER,MF,Dortmund,23,2000,26,19,1509,16.8,4,1,5,4,0,0,3,0,0.24,0.06,0.3,0.24,0.3,Matches,bundesliga,2024-2025
0cc5f4a5,306,Lukas Nmecha,GER,FW,Wolfsburg,25,1998,19,3,467,5.2,3,0,3,3,0,0,1,0,0.58,0.0,0.58,0.58,0.58,Matches,bundesliga,2024-2025
7b9a9e25,307,Arnaud Nordin,FRA,"FW,MF",Mainz 05,26,1998,6,0,80,0.9,0,0,0,0,0,0,0,0,0.0,0.0,0.0,0.0,0.0,Matches,bundesliga,2024-2025
afb0c500,308,Alexander Nübel,GER,GK,Stuttgart,27,1996,34,34,3060,34.0,0,1,1,0,0,0,0,0,0.0,0.03,0.03,0.0,0.03,Matches,bundesliga,2024-2025
4ab12002,309,Antonio Nusa,NOR,"MF,DF",RB Leipzig,19,2005,25,16,1558,17.3,3,3,6,3,0,0,0,0,0.17,0.17,0.35,0.17,0.35,Matches,bundesliga,2024-2025
6a58d68c,310,David Odogu,GER,DF,Wolfsburg,18,2006,3,2,195,2.2,0,0,0,0,0,0,0,0,0.0,0.0,0.0,0.0,0.0,Matches,bundesliga,2024-2025
57ec75bf,311,Tim Oermann,GER,DF,Bochum,20,2003,29,26,2213,24.6,0,2,2,0,0,0,0,0,0.0,0.08,0.08,0.0,0.08,Matches,bundesliga,2024-2025
d41472b7,312,Ifechukwu Ogbus,SUI,DF,Freiburg,18,2005,2,0,19,0.2,0,0,0,0,0,0,0,0,0.0,0.0,0.0,0.0,0.0,Matches,bundesliga,2024-2025
dd2e62da,313,Finn Ole Becker,GER,MF,Hoffenheim,24,2000,13,7,670,7.4,0,1,1,0,0,0,1,0,0.0,0.13,0.13,0.0,0.13,Matches,bundesliga,2024-2025
c4486bac,314,Michael Olise,FRA,MF,Bayern Munich,22,2001,34,28,2334,25.9,12,15,27,12,0,0,3,0,0.46,0.58,1.04,0.46,1.04,Matches,bundesliga,2024-2025
c631f952,315,Jonas Omlin,SUI,GK,Gladbach,30,1994,12,11,978,10.9,0,0,0,0,0,0,0,1,0.0,0.0,0.0,0.0,0.0,Matches,bundesliga,2024-2025
f26834c7,316,Karim Onisiwo,AUT,MF,Mainz 05,32,1992,6,1,110,1.2,0,0,0,0,0,0,0,0,0.0,0.0,0.0,0.0,0.0,Matches,bundesliga,2024-2025
2944f86f,317,Frank Onyeka,NGA,MF,Augsburg,26,1998,31,30,2586,28.7,0,1,1,0,0,0,8,0,0.0,0.03,0.03,0.0,0.03,Matches,bundesliga,2024-2025
8652a85c,318,Loïs Openda,BEL,FW,RB Leipzig,24,2000,33,28,2453,27.3,9,5,14,9,0,1,5,1,0.33,0.18,0.51,0.33,0.51,Matches,bundesliga,2024-2025
de17db90,319,Gift Orban,NGA,FW,Hoffenheim,22,2002,13,7,687,7.6,4,0,4,4,0,0,2,0,0.52,0.0,0.52,0.52,0.52,Matches,bundesliga,2024-2025
20030c06,320,Willi Orban,HUN,DF,RB Leipzig,31,1992,25,25,2222,24.7,5,0,5,5,0,0,4,2,0.2,0.0,0.2,0.2,0.2,Matches,bundesliga,2024-2025
86c75897,321,Ivan Ordets,UKR,DF,Bochum,32,1992,22,21,1861,20.7,0,0,0,0,0,0,6,0,0.0,0.0,0.0,0.0,0.0,Matches,bundesliga,2024-2025
9662c9ec,322,Patrick Osterhage,GER,MF,Freiburg,24,2000,30,27,2267,25.2,1,0,1,1,0,0,6,1,0.04,0.0,0.04,0.04,0.04,Matches,bundesliga,2024-2025
75e6fc2f,323,Assan Ouedraogo,GER,MF,RB Leipzig,18,2006,3,0,50,0.6,0,0,0,0,0,0,0,0,0.0,0.0,0.0,0.0,0.0,Matches,bundesliga,2024-2025
15413fa5,324,Salih Özcan,TUR,MF,Wolfsburg,26,1998,11,3,353,3.9,0,0,0,0,0,0,0,0,0.0,0.0,0.0,0.0,0.0,Matches,bundesliga,2024-2025
15413fa5,325,Salih Özcan,TUR,MF,Dortmund,26,1998,11,3,391,4.3,0,0,0,0,0,0,0,0,0.0,0.0,0.0,0.0,0.0,Matches,bundesliga,2024-2025
e82adcab,326,Exequiel Palacios,ARG,MF,Leverkusen,25,1998,24,11,1155,12.8,1,6,7,1,0,0,2,0,0.08,0.47,0.55,0.08,0.55,Matches,bundesliga,2024-2025
a78ff07f,327,João Palhinha,POR,MF,Bayern Munich,29,1995,17,6,673,7.5,0,0,0,0,0,0,2,1,0.0,0.0,0.0,0.0,0.0,Matches,bundesliga,2024-2025
2420dbac,328,Mats Pannewig,GER,MF,Bochum,19,2004,14,2,267,3.0,0,0,0,0,0,0,1,0,0.0,0.0,0.0,0.0,0.0,Matches,bundesliga,2024-2025
5c50fdbc,329,Kevin Paredes,USA,MF,Wolfsburg,21,2003,2,2,123,1.4,0,1,1,0,0,0,1,0,0.0,0.73,0.73,0.0,0.73,Matches,bundesliga,2024-2025
5c899683,330,Felix Passlack,GER,"MF,DF",Bochum,26,1998,31,30,2334,25.9,1,6,7,1,0,0,4,0,0.04,0.23,0.27,0.04,0.27,Matches,bundesliga,2024-2025
2658c82f,331,Aleksandar Pavlovic,GER,MF,Bayern Munich,20,2004,21,18,1451,16.1,1,0,1,1,0,0,2,0,0.06,0.0,0.06,0.06,0.06,Matches,bundesliga,2024-2025
582a5247,332,Mads Pedersen,DEN,DF,Augsburg,27,1996,7,2,235,2.6,0,0,0,0,0,0,0,0,0.0,0.0,0.0,0.0,0.0,Matches,bundesliga,2024-2025
b684a484,333,Jordan Pefok,USA,FW,Union Berlin,28,1996,18,10,908,10.1,0,1,1,0,0,0,2,0,0.0,0.1,0.1,0.0,0.1,Matches,bundesliga,2024-2025
3f29b3ba,334,Daniel Peretz,ISR,GK,Bayern Munich,24,2000,3,3,270,3.0,0,0,0,0,0,0,1,0,0.0,0.0,0.0,0.0,0.0,Matches,bundesliga,2024-2025
19704b7c,335,Noah Pesch,CRO,FW,Gladbach,19,2005,1,0,6,0.1,0,0,0,0,0,0,0,0,0.0,0.0,0.0,0.0,0.0,Matches,bundesliga,2024-2025
eb3e717e,336,Luca Philipp,GER,GK,Hoffenheim,23,2000,6,6,540,6.0,0,0,0,0,0,0,0,0,0.0,0.0,0.0,0.0,0.0,Matches,bundesliga,2024-2025
061e8e23,337,Maximilian Philipp,GER,"FW,MF",Freiburg,30,1994,2,0,17,0.2,0,0,0,0,0,0,0,0,0.0,0.0,0.0,0.0,0.0,Matches,bundesliga,2024-2025
c184c8c8,338,Benedikt Pichler,AUT,FW,Holstein Kiel,27,1997,18,7,785,8.7,1,2,3,1,0,0,1,0,0.11,0.23,0.34,0.11,0.34,Matches,bundesliga,2024-2025
526ea7cc,339,Amos Pieper,GER,DF,Werder Bremen,26,1998,23,16,1498,16.6,0,0,0,0,0,0,3,0,0.0,0.0,0.0,0.0,0.0,Matches,bundesliga,2024-2025
11407d95,340,Marvin Pieringer,GER,FW,Heidenheim,24,1999,31,26,2206,24.5,7,4,11,4,3,3,7,0,0.29,0.16,0.45,0.16,0.33,Matches,bundesliga,2024-2025
bc6bd723,341,Alassane Pléa,FRA,MF,Gladbach,31,1993,30,24,1902,21.1,11,4,15,10,1,1,3,0,0.52,0.19,0.71,0.47,0.66,Matches,bundesliga,2024-2025
b020d807,342,Finn Porath,GER,MF,Holstein Kiel,27,1997,31,20,1970,21.9,2,3,5,2,0,0,3,0,0.09,0.14,0.23,0.09,0.23,Matches,bundesliga,2024-2025
d2416c2e,343,Yussuf Poulsen,DEN,"MF,FW",RB Leipzig,30,1994,22,2,378,4.2,2,0,2,2,0,0,1,0,0.48,0.0,0.48,0.48,0.48,Matches,bundesliga,2024-2025
6637e6a7,344,Alexander Prass,AUT,"MF,DF",Hoffenheim,23,2001,23,19,1566,17.4,0,1,1,0,0,0,1,0,0.0,0.06,0.06,0.0,0.06,Matches,bundesliga,2024-2025
6dcc8d89,345,David Preu,GER,MF,Union Berlin,19,2004,5,1,121,1.3,0,0,0,0,0,0,1,0,0.0,0.0,0.0,0.0,0.0,Matches,bundesliga,2024-2025
924f9191,346,Grischa Prömel,GER,MF,Hoffenheim,29,1995,2,2,174,1.9,0,0,0,0,0,0,0,0,0.0,0.0,0.0,0.0,0.0,Matches,bundesliga,2024-2025
f297a3f1,347,Ivan Prtajin,CRO,FW,Union Berlin,28,1996,5,2,161,1.8,0,0,0,0,0,0,0,0,0.0,0.0,0.0,0.0,0.0,Matches,bundesliga,2024-2025
c68b1b13,348,Tymoteusz Puchacz,POL,MF,Holstein Kiel,25,1999,10,5,396,4.4,0,1,1,0,0,0,0,0,0.0,0.23,0.23,0.0,0.23,Matches,bundesliga,2024-2025
9fd158d6,349,Leopold Querfeld,AUT,DF,Union Berlin,20,2003,27,17,1747,19.4,2,2,4,2,0,0,8,0,0.1,0.1,0.21,0.1,0.21,Matches,bundesliga,2024-2025
0ee6ea6a,350,Grant Ranos,ARM,FW,Gladbach,21,2003,2,0,20,0.2,0,0,0,0,0,0,1,0,0.0,0.0,0.0,0.0,0.0,Matches,bundesliga,2024-2025
7d450ed3,351,David Raum,GER,"MF,DF",RB Leipzig,26,1998,22,21,1783,19.8,1,5,6,1,0,0,5,0,0.05,0.25,0.3,0.05,0.3,Matches,bundesliga,2024-2025
cc971106,352,Rocco Reitz,GER,MF,Gladbach,22,2002,27,21,1830,20.3,2,1,3,2,0,0,1,0,0.1,0.05,0.15,0.1,0.15,Matches,bundesliga,2024-2025
625fd441,353,Nicolai Remberg,GER,MF,Holstein Kiel,24,2000,32,26,2417,26.9,0,1,1,0,0,0,11,0,0.0,0.04,0.04,0.0,0.04,Matches,bundesliga,2024-2025
1ae836b1,354,Elvis Rexhbeçaj,KVX,MF,Augsburg,26,1997,27,22,1785,19.8,1,1,2,1,0,0,8,0,0.05,0.05,0.1,0.05,0.1,Matches,bundesliga,2024-2025
7fa4e703,355,Gio Reyna,USA,MF,Dortmund,21,2002,16,3,350,3.9,2,0,2,2,0,0,3,0,0.51,0.0,0.51,0.51,0.51,Matches,bundesliga,2024-2025
c2bd8585,356,Fabian Rieder,SUI,MF,Stuttgart,22,2002,21,8,867,9.6,1,3,4,1,0,0,1,0,0.1,0.31,0.42,0.1,0.42,Matches,bundesliga,2024-2025
25877714,357,Lasse Rieß,GER,GK,Mainz 05,23,2001,2,2,180,2.0,0,0,0,0,0,0,0,0,0.0,0.0,0.0,0.0,0.0,Matches,bundesliga,2024-2025
35d23b15,358,Lars Ritzka,GER,"MF,DF",St Pauli,26,1998,21,11,922,10.2,1,0,1,1,0,0,1,0,0.1,0.0,0.1,0.1,0.1,Matches,bundesliga,2024-2025
57c94db2,359,Mads Roerslev,DEN,DF,Wolfsburg,25,1999,7,2,298,3.3,0,0,0,0,0,0,0,0,0.0,0.0,0.0,0.0,0.0,Matches,bundesliga,2024-2025
1f2c7b55,360,Merlin Röhl,GER,MF,Freiburg,22,2002,19,11,965,10.7,0,1,1,0,0,0,2,0,0.0,0.09,0.09,0.0,0.09,Matches,bundesliga,2024-2025
1df23153,361,Lasse Rosenboom,GER,MF,Holstein Kiel,22,2002,26,21,1734,19.3,2,2,4,2,0,0,3,0,0.1,0.1,0.21,0.1,0.21,Matches,bundesliga,2024-2025
b6ceba6b,362,Max Rosenfelder,GER,DF,Freiburg,21,2003,25,13,1249,13.9,1,0,1,1,0,0,2,0,0.07,0.0,0.07,0.07,0.07,Matches,bundesliga,2024-2025
90c1f9a4,363,Tom Rothe,GER,"MF,DF",Union Berlin,19,2004,26,19,1670,18.6,3,3,6,3,0,0,4,1,0.16,0.16,0.32,0.16,0.32,Matches,bundesliga,2024-2025
9b545925,364,Anthony Rouault,FRA,DF,Stuttgart,23,2001,18,14,1212,13.5,1,0,1,1,0,0,1,0,0.07,0.0,0.07,0.07,0.07,Matches,bundesliga,2024-2025
13203c45,365,Jérôme Roussillon,FRA,DF,Union Berlin,31,1993,7,1,136,1.5,0,0,0,0,0,0,0,0,0.0,0.0,0.0,0.0,0.0,Matches,bundesliga,2024-2025
009a4f60,366,Julian Ryerson,NOR,"DF,MF",Dortmund,26,1997,29,27,2259,25.1,2,3,5,2,0,0,6,1,0.08,0.12,0.2,0.08,0.2,Matches,bundesliga,2024-2025
a70b8345,367,Frederik Rønnow,DEN,GK,Union Berlin,31,1992,28,28,2520,28.0,0,0,0,0,0,0,2,0,0.0,0.0,0.0,0.0,0.0,Matches,bundesliga,2024-2025
78a2284f,368,Elias Saad,TUN,"FW,MF",St Pauli,24,1999,18,10,900,10.0,3,2,5,3,0,0,1,0,0.3,0.2,0.5,0.3,0.5,Matches,bundesliga,2024-2025
e280527c,369,Marcel Sabitzer,AUT,MF,Dortmund,30,1994,26,18,1616,18.0,1,0,1,1,0,0,3,0,0.06,0.0,0.06,0.06,0.06,Matches,bundesliga,2024-2025
85c3052c,370,Faik Sakar,GER,MF,RB Leipzig,16,2008,1,0,1,0.0,0,0,0,0,0,0,0,0,0.0,0.0,0.0,0.0,0.0,Matches,bundesliga,2024-2025
18fe6d90,371,Manolis Saliakas,GRE,MF,St Pauli,27,1996,30,26,2314,25.7,2,1,3,2,0,0,4,0,0.08,0.04,0.12,0.08,0.12,Matches,bundesliga,2024-2025
bf075f6b,372,Roland Sallai,HUN,"DF,FW",Freiburg,27,1997,2,0,46,0.5,0,0,0,0,0,0,0,0,0.0,0.0,0.0,0.0,0.0,Matches,bundesliga,2024-2025
08593525,373,Diadie Samassékou,MLI,MF,Hoffenheim,28,1996,8,6,290,3.2,0,0,0,0,0,0,0,0,0.0,0.0,0.0,0.0,0.0,Matches,bundesliga,2024-2025
5c90bad8,374,Philipp Sander,GER,MF,Gladbach,26,1998,27,16,1400,15.6,1,0,1,1,0,0,2,0,0.06,0.0,0.06,0.06,0.06,Matches,bundesliga,2024-2025
dccd127f,375,James Sands,USA,MF,St Pauli,24,2000,7,5,453,5.0,0,0,0,0,0,0,1,0,0.0,0.0,0.0,0.0,0.0,Matches,bundesliga,2024-2025
2b114be3,376,Leroy Sané,GER,MF,Bayern Munich,28,1996,30,17,1637,18.2,11,5,16,11,0,0,2,0,0.6,0.27,0.88,0.6,0.88,Matches,bundesliga,2024-2025
7a7a6361,377,Kaishu Sano,JPN,MF,Mainz 05,23,2000,34,34,3043,33.8,0,0,0,0,0,0,3,0,0.0,0.0,0.0,0.0,0.0,Matches,bundesliga,2024-2025
c7c50cb5,378,Kauã Santos,BRA,GK,Eintracht Frankfurt,21,2003,9,8,765,8.5,0,0,0,0,0,0,0,0,0.0,0.0,0.0,0.0,0.0,Matches,bundesliga,2024-2025
236f02cd,379,Joe Scally,USA,DF,Gladbach,21,2002,32,30,2578,28.6,0,0,0,0,0,0,6,0,0.0,0.0,0.0,0.0,0.0,Matches,bundesliga,2024-2025
049751d7,380,András Schäfer,HUN,MF,Union Berlin,25,1999,26,17,1534,17.0,1,1,2,1,0,0,3,0,0.06,0.06,0.12,0.06,0.12,Matches,bundesliga,2024-2025
5d4f7d61,381,Patrik Schick,CZE,FW,Leverkusen,28,1996,31,19,1684,18.7,21,0,21,20,1,1,4,0,1.12,0.0,1.12,1.07,1.07,Matches,bundesliga,2024-2025
395bbb60,382,Stefan Schimmer,GER,FW,Heidenheim,30,1994,13,0,247,2.7,0,0,0,0,0,0,1,0,0.0,0.0,0.0,0.0,0.0,Matches,bundesliga,2024-2025
8f056768,383,Xaver Schlager,AUT,MF,RB Leipzig,26,1997,4,2,181,2.0,0,0,0,0,0,0,1,0,0.0,0.0,0.0,0.0,0.0,Matches,bundesliga,2024-2025
f6bdc830,384,Keven Schlotterbeck,GER,DF,Augsburg,27,1997,18,15,1297,14.4,3,1,4,3,0,0,4,1,0.21,0.07,0.28,0.21,0.28,Matches,bundesliga,2024-2025
34e12499,385,Nico Schlotterbeck,GER,DF,Dortmund,24,1999,23,23,1982,22.0,0,4,4,0,0,0,7,2,0.0,0.18,0.18,0.0,0.18,Matches,bundesliga,2024-2025
220ace7e,386,Romano Schmid,AUT,MF,Werder Bremen,24,2000,32,32,2834,31.5,5,4,9,4,1,1,4,0,0.16,0.13,0.29,0.13,0.25,Matches,bundesliga,2024-2025
932bfcac,387,Jan Schöppner,GER,MF,Heidenheim,25,1999,33,32,2681,29.8,4,3,7,4,0,0,8,0,0.13,0.1,0.23,0.13,0.23,Matches,bundesliga,2024-2025
651167c8,388,Marvin Schulz,GER,"DF,MF",Holstein Kiel,29,1995,12,3,306,3.4,0,0,0,0,0,0,3,0,0.0,0.0,0.0,0.0,0.0,Matches,bundesliga,2024-2025
0d55d942,389,Alexander Schwolow,GER,GK,Union Berlin,32,1992,6,6,540,6.0,0,0,0,0,0,0,0,0,0.0,0.0,0.0,0.0,0.0,Matches,bundesliga,2024-2025
79064bc9,390,Léo Scienza,BRA,"MF,FW",Heidenheim,25,1998,25,13,1153,12.8,3,3,6,3,0,0,1,0,0.23,0.23,0.47,0.23,0.47,Matches,bundesliga,2024-2025
28c6e925,391,Nicolas Seiwald,AUT,"MF,DF",RB Leipzig,23,2001,30,20,2084,23.2,0,0,0,0,0,0,2,0,0.0,0.0,0.0,0.0,0.0,Matches,bundesliga,2024-2025
3260690c,392,Benjamin Šeško,SVN,"FW,MF",RB Leipzig,21,2003,33,30,2380,26.4,13,5,18,11,2,2,2,1,0.49,0.19,0.68,0.42,0.61,Matches,bundesliga,2024-2025
228c1d94,393,Armindo Sieb,GER,"MF,FW",Mainz 05,21,2003,27,5,762,8.5,2,2,4,2,0,0,2,0,0.24,0.24,0.47,0.24,0.47,Matches,bundesliga,2024-2025
f761c901,394,Tim Siersleben,GER,DF,Heidenheim,24,2000,16,14,1182,13.1,0,0,0,0,0,0,4,0,0.0,0.0,0.0,0.0,0.0,Matches,bundesliga,2024-2025
313254a3,395,Kiliann Sildillia,FRA,DF,Freiburg,22,2002,21,8,801,8.9,2,0,2,2,0,0,2,0,0.22,0.0,0.22,0.22,0.22,Matches,bundesliga,2024-2025
3effaa34,396,André Silva,POR,FW,Werder Bremen,28,1995,7,4,375,4.2,1,0,1,0,1,2,1,0,0.24,0.0,0.24,0.0,0.0,Matches,bundesliga,2024-2025
3effaa34,397,André Silva,POR,FW,RB Leipzig,28,1995,8,0,132,1.5,1,2,3,0,1,1,0,0,0.68,1.36,2.05,0.0,1.36,Matches,bundesliga,2024-2025
fcb27134,398,Mohamed Simakan,FRA,DF,RB Leipzig,24,2000,1,1,54,0.6,0,0,0,0,0,0,0,0,0.0,0.0,0.0,0.0,0.0,Matches,bundesliga,2024-2025
da4d670f,399,Xavi Simons,NED,MF,RB Leipzig,21,2003,25,25,2150,23.9,10,6,16,10,0,0,5,0,0.42,0.25,0.67,0.42,0.67,Matches,bundesliga,2024-2025
96ddfa79,400,Danel Sinani,LUX,"FW,MF",St Pauli,27,1997,26,14,1250,13.9,2,2,4,2,0,0,3,0,0.14,0.14,0.29,0.14,0.29,Matches,bundesliga,2024-2025
0d8a37c2,401,Tobias Sippel,GER,GK,Gladbach,36,1988,1,0,59,0.7,0,0,0,0,0,0,0,0,0.0,0.0,0.0,0.0,0.0,Matches,bundesliga,2024-2025
0f8418aa,402,Ibrahima Sissoko,MLI,MF,Bochum,26,1997,32,30,2610,29.0,2,1,3,2,0,0,11,1,0.07,0.03,0.1,0.07,0.1,Matches,bundesliga,2024-2025
65857fdf,403,Tim Skarke,GER,"FW,MF",Union Berlin,27,1996,33,11,1164,12.9,0,2,2,0,0,0,1,0,0.0,0.15,0.15,0.0,0.15,Matches,bundesliga,2024-2025
c2211709,404,Ellyes Skhiri,TUN,MF,Eintracht Frankfurt,29,1995,30,26,2231,24.8,1,2,3,1,0,0,6,0,0.04,0.08,0.12,0.04,0.12,Matches,bundesliga,2024-2025
b35a7399,405,Leo Skiri Østigård,NOR,DF,Hoffenheim,24,1999,11,11,927,10.3,0,0,0,0,0,0,0,1,0.0,0.0,0.0,0.0,0.0,Matches,bundesliga,2024-2025
c50cee19,406,Andreas Skov Olsen,DEN,"MF,FW",Wolfsburg,24,1999,12,4,535,5.9,1,1,2,1,0,0,0,0,0.17,0.17,0.34,0.17,0.34,Matches,bundesliga,2024-2025
ff98492b,407,Robert Skov,DEN,"MF,DF",Union Berlin,28,1996,15,11,852,9.5,2,2,4,1,1,1,1,0,0.21,0.21,0.42,0.11,0.32,Matches,bundesliga,2024-2025
58ce23e5,408,Steven Skrzybski,GER,"FW,MF",Holstein Kiel,31,1992,24,15,1323,14.7,6,3,9,5,1,1,0,0,0.41,0.2,0.61,0.34,0.54,Matches,bundesliga,2024-2025
8817312f,409,Eric Smith,SWE,"DF,MF",St Pauli,27,1997,32,32,2827,31.4,1,1,2,1,0,0,7,0,0.03,0.03,0.06,0.03,0.06,Matches,bundesliga,2024-2025
0f59a7bf,410,Anton Stach,GER,"MF,DF",Hoffenheim,25,1998,30,29,2585,28.7,1,2,3,1,0,0,8,0,0.03,0.07,0.1,0.03,0.1,Matches,bundesliga,2024-2025
1fffae99,411,Jens Stage,DEN,MF,Werder Bremen,27,1996,28,26,2204,24.5,10,5,15,10,0,0,10,0,0.41,0.2,0.61,0.41,0.61,Matches,bundesliga,2024-2025
7ed08d5c,412,Josip Stanišić,CRO,DF,Bayern Munich,24,2000,14,9,876,9.7,0,2,2,0,0,0,0,0,0.0,0.21,0.21,0.0,0.21,Matches,bundesliga,2024-2025
aad48be9,413,Niklas Stark,GER,DF,Werder Bremen,29,1995,26,25,2106,23.4,0,1,1,0,0,0,6,1,0.0,0.04,0.04,0.0,0.04,Matches,bundesliga,2024-2025
99f7e9aa,414,Pascal Stenzel,GER,DF,Stuttgart,28,1996,10,4,290,3.2,0,0,0,0,0,0,0,0,0.0,0.0,0.0,0.0,0.0,Matches,bundesliga,2024-2025
08391d76,415,Leonidas Stergiou,SUI,DF,Stuttgart,22,2002,12,11,852,9.5,1,2,3,1,0,0,0,1,0.11,0.21,0.32,0.11,0.32,Matches,bundesliga,2024-2025
7e003182,416,Finley Stevens,WAL,DF,St Pauli,21,2003,1,0,1,0.0,0,0,0,0,0,0,0,0,0.0,0.0,0.0,0.0,0.0,Matches,bundesliga,2024-2025
3b1ed320,417,Angelo Stiller,GER,MF,Stuttgart,23,2001,32,31,2741,30.5,1,8,9,1,0,0,6,0,0.03,0.26,0.3,0.03,0.3,Matches,bundesliga,2024-2025
e5649a78,418,Kevin Stöger,AUT,MF,Gladbach,30,1993,31,16,1551,17.2,3,3,6,1,2,2,3,0,0.17,0.17,0.35,0.06,0.23,Matches,bundesliga,2024-2025
e33c06cf,419,Niklas Süle,GER,DF,Dortmund,28,1995,15,12,1053,11.7,0,0,0,0,0,0,1,0,0.0,0.0,0.0,0.0,0.0,Matches,bundesliga,2024-2025
92d83c27,420,Mattias Svanberg,SWE,MF,Wolfsburg,25,1999,20,14,1219,13.5,3,1,4,3,0,0,4,0,0.22,0.07,0.3,0.22,0.3,Matches,bundesliga,2024-2025
124c9382,421,Daniel Svensson,SWE,"MF,DF",Dortmund,22,2002,12,8,781,8.7,1,3,4,1,0,0,0,0,0.12,0.35,0.46,0.12,0.46,Matches,bundesliga,2024-2025
723b19c7,422,Haris Tabakovic,BIH,FW,Hoffenheim,30,1994,22,6,821,9.1,3,1,4,3,0,0,0,0,0.33,0.11,0.44,0.33,0.44,Matches,bundesliga,2024-2025
bd142efb,423,Jonathan Tah,GER,DF,Leverkusen,28,1996,33,33,2970,33.0,3,0,3,3,0,0,3,0,0.09,0.0,0.09,0.09,0.09,Matches,bundesliga,2024-2025
a73c8f95,424,Edmond Tapsoba,BFA,DF,Leverkusen,25,1999,29,29,2507,27.9,0,0,0,0,0,0,4,0,0.0,0.0,0.0,0.0,0.0,Matches,bundesliga,2024-2025
829aa60c,425,Mathys Tel,FRA,MF,Bayern Munich,19,2005,8,2,256,2.8,0,1,1,0,0,0,0,0,0.0,0.35,0.35,0.0,0.35,Matches,bundesliga,2024-2025
f1e94cd6,426,Nathan Tella,NGA,"MF,FW",Leverkusen,25,1999,27,17,1359,15.1,2,4,6,2,0,0,1,0,0.13,0.26,0.4,0.13,0.4,Matches,bundesliga,2024-2025
5148dcc5,427,Martin Terrier,FRA,"MF,FW",Leverkusen,27,1997,15,7,584,6.5,2,1,3,2,0,0,1,0,0.31,0.15,0.46,0.31,0.46,Matches,bundesliga,2024-2025
df8d6029,428,Arthur Theate,BEL,DF,Eintracht Frankfurt,24,2000,31,31,2704,30.0,0,0,0,0,0,0,6,1,0.0,0.0,0.0,0.0,0.0,Matches,bundesliga,2024-2025
0cbf4c54,429,Norman Theuerkauf,GER,"DF,MF",Heidenheim,37,1987,1,0,22,0.2,0,0,0,0,0,0,0,0,0.0,0.0,0.0,0.0,0.0,Matches,bundesliga,2024-2025
b9ac6e0e,430,Denis Thomalla,GER,"FW,MF",Heidenheim,31,1992,1,0,4,0.0,0,0,0,0,0,0,0,0,0.0,0.0,0.0,0.0,0.0,Matches,bundesliga,2024-2025
3397e7b5,431,Phillip Tietz,GER,FW,Augsburg,27,1997,34,19,1686,18.7,7,2,9,6,1,1,4,0,0.37,0.11,0.48,0.32,0.43,Matches,bundesliga,2024-2025
e547d3cf,432,Umut Tohumcu,GER,MF,Hoffenheim,19,2004,12,3,375,4.2,0,1,1,0,0,0,3,0,0.0,0.24,0.24,0.0,0.24,Matches,bundesliga,2024-2025
5e88c524,433,John Tolkin,USA,"MF,DF",Holstein Kiel,22,2002,11,9,737,8.2,0,2,2,0,0,0,0,0,0.0,0.24,0.24,0.0,0.24,Matches,bundesliga,2024-2025
b492126a,434,Tiago Tomás,POR,"MF,FW",Wolfsburg,22,2002,32,23,1884,20.9,6,1,7,6,0,0,7,0,0.29,0.05,0.33,0.29,0.33,Matches,bundesliga,2024-2025
ebb32f3a,435,Keke Topp,GER,FW,Werder Bremen,20,2004,19,1,252,2.8,2,2,4,2,0,0,1,0,0.71,0.71,1.43,0.71,1.43,Matches,bundesliga,2024-2025
93945a50,436,Bazoumana Touré,CIV,"MF,FW",Hoffenheim,18,2006,13,7,609,6.8,0,3,3,0,0,0,1,0,0.0,0.44,0.44,0.0,0.44,Matches,bundesliga,2024-2025
71ec39ef,437,Lucas Tousart,FRA,MF,Union Berlin,27,1997,15,6,561,6.2,0,1,1,0,0,0,2,0,0.0,0.16,0.16,0.0,0.16,Matches,bundesliga,2024-2025
f44e8a73,438,Omar Traoré,GER,"DF,MF",Heidenheim,26,1998,30,30,2616,29.1,0,1,1,0,0,0,7,0,0.0,0.03,0.03,0.0,0.03,Matches,bundesliga,2024-2025
ce17b5eb,439,Kevin Trapp,GER,GK,Eintracht Frankfurt,34,1990,26,26,2295,25.5,0,0,0,0,0,0,0,0,0.0,0.0,0.0,0.0,0.0,Matches,bundesliga,2024-2025
047822ad,440,Philipp Treu,GER,MF,St Pauli,23,2000,33,33,2881,32.0,0,2,2,0,0,0,2,0,0.0,0.06,0.06,0.0,0.06,Matches,bundesliga,2024-2025
056d2d95,441,Christopher Trimmel,AUT,"MF,DF",Union Berlin,37,1987,26,20,1740,19.3,0,3,3,0,0,0,5,0,0.0,0.16,0.16,0.0,0.16,Matches,bundesliga,2024-2025
35d64857,442,Tuta,BRA,"DF,MF",Eintracht Frankfurt,25,1999,30,26,2274,25.3,2,1,3,2,0,0,8,0,0.08,0.04,0.12,0.08,0.12,Matches,bundesliga,2024-2025
d646c218,443,Lukas Ullrich,GER,DF,Gladbach,20,2004,26,24,1903,21.1,1,2,3,1,0,0,4,0,0.05,0.09,0.14,0.05,0.14,Matches,bundesliga,2024-2025
7d3e7da6,444,Sven Ulreich,GER,GK,Bayern Munich,35,1988,1,1,90,1.0,0,0,0,0,0,0,0,0,0.0,0.0,0.0,0.0,0.0,Matches,bundesliga,2024-2025
dd549382,445,Deniz Undav,GER,"FW,MF",Stuttgart,28,1996,27,20,1726,19.2,9,3,12,9,0,0,4,0,0.47,0.16,0.63,0.47,0.63,Matches,bundesliga,2024-2025
d248cd8f,446,Dayot Upamecano,FRA,DF,Bayern Munich,25,1998,20,20,1759,19.5,2,0,2,2,0,0,6,0,0.1,0.0,0.1,0.1,0.1,Matches,bundesliga,2024-2025
925bbcdc,447,Jonas Urbig,GER,GK,Bayern Munich,20,2003,8,8,720,8.0,0,0,0,0,0,0,0,0,0.0,0.0,0.0,0.0,0.0,Matches,bundesliga,2024-2025
1d0b134a,448,Can Uzun,TUR,MF,Eintracht Frankfurt,18,2005,20,6,675,7.5,4,1,5,4,0,0,1,0,0.53,0.13,0.67,0.53,0.67,Matches,bundesliga,2024-2025
fb377d11,449,Josha Vagnoman,GER,"DF,MF",Stuttgart,23,2000,26,19,1834,20.4,1,1,2,1,0,0,4,0,0.05,0.05,0.1,0.05,0.1,Matches,bundesliga,2024-2025
cf9bdd43,450,Siebe Van Der Heyden,BEL,"DF,MF",St Pauli,26,1998,13,11,872,9.7,1,0,1,1,0,0,4,1,0.1,0.0,0.1,0.1,0.1,Matches,bundesliga,2024-2025
f9e0c603,451,Maarten Vandevoordt,BEL,GK,RB Leipzig,22,2002,6,4,429,4.8,0,0,0,0,0,0,0,0,0.0,0.0,0.0,0.0,0.0,Matches,bundesliga,2024-2025
6ecbddf6,452,Ruben Vargas,SUI,MF,Augsburg,25,1998,8,3,305,3.4,0,0,0,0,0,0,3,0,0.0,0.0,0.0,0.0,0.0,Matches,bundesliga,2024-2025
f038585f,453,Nikola Vasilj,BIH,GK,St Pauli,28,1995,33,33,2969,33.0,0,0,0,0,0,0,2,1,0.0,0.0,0.0,0.0,0.0,Matches,bundesliga,2024-2025
08990838,454,Denis Vavro,SVK,DF,Wolfsburg,28,1996,29,27,2461,27.3,2,0,2,2,0,0,4,0,0.07,0.0,0.07,0.07,0.07,Matches,bundesliga,2024-2025
a5ae8f8e,455,Miloš Veljković,SRB,DF,Werder Bremen,28,1995,14,11,1029,11.4,0,1,1,0,0,0,1,0,0.0,0.09,0.09,0.0,0.09,Matches,bundesliga,2024-2025
13496b77,456,Nikolas Veratschnig,AUT,MF,Mainz 05,21,2003,15,2,364,4.0,0,0,0,0,0,0,1,0,0.0,0.0,0.0,0.0,0.0,Matches,bundesliga,2024-2025
722494dc,457,Arthur Vermeeren,BEL,MF,RB Leipzig,19,2005,28,18,1572,17.5,0,2,2,0,0,0,7,0,0.0,0.11,0.11,0.0,0.11,Matches,bundesliga,2024-2025
e8ef59da,458,Yorbe Vertessen,BEL,"MF,FW",Union Berlin,23,2001,17,7,718,8.0,1,0,1,1,0,0,2,0,0.13,0.0,0.13,0.13,0.13,Matches,bundesliga,2024-2025
5360a956,459,Gabriel Vidovic,CRO,MF,Bayern Munich,20,2003,4,0,24,0.3,0,0,0,0,0,0,0,0,0.0,0.0,0.0,0.0,0.0,Matches,bundesliga,2024-2025
5360a956,460,Gabriel Vidovic,CRO,MF,Mainz 05,20,2003,1,0,4,0.0,0,0,0,0,0,0,0,0,0.0,0.0,0.0,0.0,0.0,Matches,bundesliga,2024-2025
1d8e9add,461,Kevin Vogt,GER,DF,Union Berlin,32,1991,18,16,1367,15.2,1,0,1,0,1,1,6,0,0.07,0.0,0.07,0.0,0.0,Matches,bundesliga,2024-2025
64f69877,462,Kevin Volland,GER,"FW,MF",Union Berlin,32,1992,4,0,61,0.7,0,0,0,0,0,0,1,0,0.0,0.0,0.0,0.0,0.0,Matches,bundesliga,2024-2025
f86cd5df,463,Aster Vranckx,BEL,MF,Wolfsburg,21,2002,14,6,556,6.2,0,0,0,0,0,0,1,0,0.0,0.0,0.0,0.0,0.0,Matches,bundesliga,2024-2025
e3d3fbeb,464,Robert Wagner,GER,MF,St Pauli,21,2003,12,5,407,4.5,0,0,0,0,0,0,1,0,0.0,0.0,0.0,0.0,0.0,Matches,bundesliga,2024-2025
0d7b6576,465,Elye Wahi,FRA,FW,Eintracht Frankfurt,21,2003,8,1,196,2.2,0,0,0,0,0,0,1,0,0.0,0.0,0.0,0.0,0.0,Matches,bundesliga,2024-2025
f3db5b34,466,Hauke Wahl,GER,DF,St Pauli,30,1994,33,33,2970,33.0,0,0,0,0,0,0,1,0,0.0,0.0,0.0,0.0,0.0,Matches,bundesliga,2024-2025
cb64672e,467,Paul Wanner,GER,"MF,FW",Heidenheim,18,2005,29,20,1771,19.7,3,2,5,2,1,1,2,0,0.15,0.1,0.25,0.1,0.2,Matches,bundesliga,2024-2025
0e006cae,468,Kjell-Arik Wätjen,GER,MF,Dortmund,18,2006,2,0,16,0.2,0,0,0,0,0,0,0,0,0.0,0.0,0.0,0.0,0.0,Matches,bundesliga,2024-2025
346d51d9,469,Julian Weigl,GER,MF,Gladbach,28,1995,33,33,2881,32.0,0,2,2,0,0,0,8,0,0.0,0.06,0.06,0.0,0.06,Matches,bundesliga,2024-2025
1fb2d1b0,470,Timon Weiner,GER,GK,Holstein Kiel,25,1999,25,25,2250,25.0,0,0,0,0,0,0,4,0,0.0,0.0,0.0,0.0,0.0,Matches,bundesliga,2024-2025
231c67ff,471,Nelson Weiper,GER,FW,Mainz 05,19,2005,23,7,704,7.8,3,2,5,3,0,0,2,0,0.38,0.26,0.64,0.38,0.64,Matches,bundesliga,2024-2025
30c220c3,472,Mitchell Weiser,GER,MF,Werder Bremen,30,1994,32,32,2868,31.9,5,9,14,5,0,0,9,1,0.16,0.28,0.44,0.16,0.44,Matches,bundesliga,2024-2025
dd676a97,473,Noah Weißhaupt,GER,"FW,MF",St Pauli,22,2001,19,13,1160,12.9,1,0,1,1,0,0,0,0,0.08,0.0,0.08,0.08,0.08,Matches,bundesliga,2024-2025
dd676a97,474,Noah Weißhaupt,GER,"FW,MF",Freiburg,22,2001,3,0,80,0.9,0,0,0,0,0,0,0,0,0.0,0.0,0.0,0.0,0.0,Matches,bundesliga,2024-2025
f68b64fc,475,Silvan Widmer,SUI,MF,Mainz 05,31,1993,27,3,504,5.6,0,1,1,0,0,0,3,0,0.0,0.18,0.18,0.0,0.18,Matches,bundesliga,2024-2025
cb11b429,476,Patrick Wimmer,AUT,"MF,FW",Wolfsburg,23,2001,29,22,1770,19.7,3,4,7,3,0,0,5,1,0.15,0.2,0.36,0.15,0.36,Matches,bundesliga,2024-2025
2077ae86,477,Jonas Wind,DEN,"FW,MF",Wolfsburg,25,1999,31,21,1966,21.8,9,3,12,8,1,2,2,0,0.41,0.14,0.55,0.37,0.5,Matches,bundesliga,2024-2025
e7fcf289,478,Florian Wirtz,GER,MF,Leverkusen,21,2003,31,25,2351,26.1,10,12,22,8,2,4,3,0,0.38,0.46,0.84,0.31,0.77,Matches,bundesliga,2024-2025
48a2b92a,479,Dani de Wit,NED,"MF,FW",Bochum,26,1998,28,11,1153,12.8,2,1,3,2,0,0,1,0,0.16,0.08,0.23,0.16,0.23,Matches,bundesliga,2024-2025
edb2712b,480,Maximilian Wittek,GER,"DF,MF",Bochum,28,1995,33,32,2706,30.1,0,0,0,0,0,0,8,0,0.0,0.0,0.0,0.0,0.0,Matches,bundesliga,2024-2025
fa661778,481,Marius Wolf,GER,MF,Augsburg,29,1995,32,28,2144,23.8,1,3,4,1,0,0,2,0,0.04,0.13,0.17,0.04,0.17,Matches,bundesliga,2024-2025
7ca196eb,482,Nick Woltemade,GER,"FW,MF",Stuttgart,22,2002,28,17,1622,18.0,12,2,14,10,2,3,5,1,0.67,0.11,0.78,0.55,0.67,Matches,bundesliga,2024-2025
6190474d,483,Jeong Woo-yeong,KOR,"MF,FW",Union Berlin,24,1999,23,17,1263,14.0,3,2,5,3,0,0,2,0,0.21,0.14,0.36,0.21,0.36,Matches,bundesliga,2024-2025
e61b8aee,484,Granit Xhaka,SUI,MF,Leverkusen,31,1992,33,33,2888,32.1,2,7,9,2,0,0,3,0,0.06,0.22,0.28,0.06,0.28,Matches,bundesliga,2024-2025
b7481dc0,485,Erencan Yardimci,TUR,FW,Hoffenheim,22,2002,8,3,313,3.5,0,0,0,0,0,0,2,0,0.0,0.0,0.0,0.0,0.0,Matches,bundesliga,2024-2025
a4effc55,486,Dan-Axel Zagadou,FRA,DF,Stuttgart,25,1999,2,0,29,0.3,0,0,0,0,0,0,1,0,0.0,0.0,0.0,0.0,0.0,Matches,bundesliga,2024-2025
050cd03c,487,David Zec,SVN,DF,Holstein Kiel,24,2000,18,18,1541,17.1,2,0,2,2,0,0,5,0,0.12,0.0,0.12,0.12,0.12,Matches,bundesliga,2024-2025
5c4bf6ba,488,Robin Zentner,GER,GK,Mainz 05,29,1994,32,32,2880,32.0,0,0,0,0,0,0,3,0,0.0,0.0,0.0,0.0,0.0,Matches,bundesliga,2024-2025
2bab583c,489,Cedric Zesiger,SUI,DF,Augsburg,26,1998,15,15,1221,13.6,0,2,2,0,0,0,7,1,0.0,0.15,0.15,0.0,0.15,Matches,bundesliga,2024-2025
2bab583c,490,Cedric Zesiger,SUI,DF,Wolfsburg,26,1998,7,5,522,5.8,0,0,0,0,0,0,4,0,0.0,0.0,0.0,0.0,0.0,Matches,bundesliga,2024-2025
9b688ae1,491,Michael Zetterer,GER,GK,Werder Bremen,29,1995,34,34,3060,34.0,0,0,0,0,0,0,2,0,0.0,0.0,0.0,0.0,0.0,Matches,bundesliga,2024-2025
e3a72b89,492,Budu Zivzivadze,GEO,FW,Heidenheim,30,1994,15,10,958,10.6,2,3,5,2,0,0,0,0,0.19,0.28,0.47,0.19,0.47,Matches,bundesliga,2024-2025
