player_id,Unnamed: 0_level_0_Rk,Unnamed: 1_level_0_Player,Unnamed: 2_level_0_Nation,Unnamed: 3_level_0_Pos,Unnamed: 4_level_0_Squad,Unnamed: 5_level_0_Age,Unnamed: 6_level_0_Born,Playing Time_MP,Playing Time_Starts,Playing Time_Min,Playing Time_90s,Performance_Gls,Performance_Ast,Performance_G+A,Performance_G-PK,Performance_PK,Performance_PKatt,Performance_CrdY,Performance_CrdR,Per 90 Minutes_Gls,Per 90 Minutes_Ast,Per 90 Minutes_G+A,Per 90 Minutes_G-PK,Per 90 Minutes_G+A-PK,Unnamed: 24_level_0_Matches,league,saison
4b7a9fcc,1,James Abankwah,ie IRL,DF,Udinese,20,2004,6,0,88,1.0,0,0,0,0,0,0,1,0,0.00,0.00,0.00,0.00,0.00,Matches,seriea,2024-2025
caa254e4,2,Saud Abdulhamid,sa KSA,MF,Roma,25,1999,4,2,205,2.3,0,1,1,0,0,0,0,0,0.00,0.44,0.44,0.00,0.44,Matches,seriea,2024-2025
8f5cdf66,3,Oliver Abildgaard,dk DEN,MF,Como,28,1996,1,0,7,0.1,0,0,0,0,0,0,0,0,0.00,0.00,0.00,0.00,0.00,Matches,seriea,2024-2025
f586779e,4,Tammy Abraham,eng ENG,FW,Roma,26,1997,1,0,1,0.0,0,0,0,0,0,0,0,0,0.00,0.00,0.00,0.00,0.00,Matches,seriea,2024-2025
f586779e,5,Tammy Abraham,eng ENG,FW,Milan,26,1997,28,12,1183,13.1,3,4,7,2,1,2,1,0,0.23,0.30,0.53,0.15,0.46,Matches,seriea,2024-2025
83763653,6,Federico Accornero,it ITA,MF,Genoa,20,2004,1,0,5,0.1,0,0,0,0,0,0,0,0,0.00,0.00,0.00,0.00,0.00,Matches,seriea,2024-2025
b96b595c,7,Francesco Acerbi,it ITA,DF,Inter,36,1988,23,20,1710,19.0,0,1,1,0,0,0,0,0,0.00,0.05,0.05,0.00,0.05,Matches,seriea,2024-2025
f2bf1b0f,8,Che Adams,sct SCO,FW,Torino,28,1996,36,30,2652,29.5,9,3,12,9,0,1,2,0,0.31,0.10,0.41,0.31,0.41,Matches,seriea,2024-2025
26777636,9,Yacine Adli,fr FRA,MF,Fiorentina,24,2000,26,15,1234,13.7,4,6,10,4,0,0,3,1,0.29,0.44,0.73,0.29,0.73,Matches,seriea,2024-2025
8b0f9fb8,10,Vasilije Adžić,me MNE,MF,Juventus,18,2006,6,0,42,0.5,0,0,0,0,0,0,0,0,0.00,0.00,0.00,0.00,0.00,Matches,seriea,2024-2025
f9c927de,11,Michel Aebischer,ch SUI,MF,Bologna,27,1997,14,9,724,8.0,0,0,0,0,0,0,2,0,0.00,0.00,0.00,0.00,0.00,Matches,seriea,2024-2025
42ff58c3,12,Honest Ahanor,it ITA,"MF,DF",Genoa,16,2008,6,3,270,3.0,0,0,0,0,0,0,0,0,0.00,0.00,0.00,0.00,0.00,Matches,seriea,2024-2025
cab600a8,13,Junior Ajayi,ci CIV,FW,Hellas Verona,19,2004,2,0,13,0.1,0,0,0,0,0,0,0,0,0.00,0.00,0.00,0.00,0.00,Matches,seriea,2024-2025
fdf4b948,14,Jean-Daniel Akpa-Akpro,ci CIV,MF,Monza,31,1992,14,12,966,10.7,0,0,0,0,0,0,4,0,0.00,0.00,0.00,0.00,0.00,Matches,seriea,2024-2025
8c4b95af,15,David Akpan Ankeye,ng NGA,FW,Genoa,22,2002,4,0,45,0.5,0,0,0,0,0,0,0,0,0.00,0.00,0.00,0.00,0.00,Matches,seriea,2024-2025
00f518d8,16,Faride Alidou,de GER,FW,Hellas Verona,23,2001,3,0,71,0.8,0,0,0,0,0,0,0,0,0.00,0.00,0.00,0.00,0.00,Matches,seriea,2024-2025
cea4ee8f,17,Dele Alli,eng ENG,"FW,MF",Como,28,1996,1,0,9,0.1,0,0,0,0,0,0,0,1,0.00,0.00,0.00,0.00,0.00,Matches,seriea,2024-2025
0917188a,18,Pontus Almqvist,se SWE,"FW,MF",Parma,25,1999,29,10,1112,12.4,1,1,2,1,0,0,5,0,0.08,0.08,0.16,0.08,0.16,Matches,seriea,2024-2025
aa5322d5,19,Giorgio Altare,it ITA,DF,Venezia,25,1998,12,8,753,8.4,0,0,0,0,0,0,2,0,0.00,0.00,0.00,0.00,0.00,Matches,seriea,2024-2025
5a2cb25d,20,Sofyan Amrabat,ma MAR,MF,Fiorentina,27,1996,2,2,180,2.0,0,0,0,0,0,0,0,0,0.00,0.00,0.00,0.00,0.00,Matches,seriea,2024-2025
30941e96,21,Angeliño,es ESP,"MF,DF",Roma,27,1997,38,36,3177,35.3,2,1,3,2,0,0,1,0,0.06,0.03,0.08,0.06,0.08,Matches,seriea,2024-2025
b2f3d550,22,Lorenzo Anghelè,it ITA,FW,Juventus,19,2005,1,0,6,0.1,0,0,0,0,0,0,0,0,0.00,0.00,0.00,0.00,0.00,Matches,seriea,2024-2025
b105919e,23,Faustino Anjorin,eng ENG,MF,Empoli,22,2001,22,14,1114,12.4,2,3,5,2,0,0,3,0,0.16,0.24,0.40,0.16,0.40,Matches,seriea,2024-2025
00459419,24,Marko Arnautović,at AUT,FW,Inter,35,1989,18,5,549,6.1,4,2,6,4,0,0,1,0,0.66,0.33,0.98,0.66,0.98,Matches,seriea,2024-2025
0fdcef0e,25,Kristjan Asllani,al ALB,MF,Inter,22,2002,22,10,988,11.0,2,2,4,0,2,2,4,0,0.18,0.18,0.36,0.00,0.18,Matches,seriea,2024-2025
,Rk,Player,Nation,Pos,Squad,Age,Born,MP,Starts,Min,90s,Gls,Ast,G+A,G-PK,PK,PKatt,CrdY,CrdR,Gls,Ast,G+A,G-PK,G+A-PK,Matches,seriea,2024-2025
d3ddf88b,26,Arthur Atta,fr FRA,"MF,FW",Udinese,21,2003,27,12,1251,13.9,0,1,1,0,0,0,5,0,0.00,0.07,0.07,0.00,0.07,Matches,seriea,2024-2025
649b01d8,27,Emil Audero,id IDN,GK,Como,27,1997,8,8,720,8.0,0,0,0,0,0,0,0,0,0.00,0.00,0.00,0.00,0.00,Matches,seriea,2024-2025
3cd3b384,28,Tommaso Augello,it ITA,"MF,DF",Cagliari,29,1994,38,30,2713,30.1,0,7,7,0,0,0,3,0,0.00,0.23,0.23,0.00,0.23,Matches,seriea,2024-2025
8d3cd59d,29,Carlos Augusto,br BRA,"DF,MF",Inter,25,1999,29,15,1691,18.8,3,2,5,3,0,0,1,0,0.16,0.11,0.27,0.16,0.27,Matches,seriea,2024-2025
3963c25b,30,Yann Aurel Bisseck,de GER,DF,Inter,23,2000,27,17,1643,18.3,3,2,5,3,0,0,4,0,0.16,0.11,0.27,0.16,0.27,Matches,seriea,2024-2025
967ac202,31,Paulo Azzi,br BRA,MF,Cagliari,30,1994,6,5,426,4.7,0,0,0,0,0,0,2,0,0.00,0.00,0.00,0.00,0.00,Matches,seriea,2024-2025
85f476cc,32,Oussama El Azzouzi,ma MAR,MF,Bologna,23,2001,2,0,19,0.2,0,0,0,0,0,0,0,0,0.00,0.00,0.00,0.00,0.00,Matches,seriea,2024-2025
9ce30308,33,Jacopo Bacci,it ITA,MF,Empoli,19,2005,3,0,31,0.3,0,0,0,0,0,0,0,0,0.00,0.00,0.00,0.00,0.00,Matches,seriea,2024-2025
e8c930bb,34,Milan Badelj,hr CRO,MF,Genoa,35,1989,23,21,1472,16.4,1,0,1,1,0,0,2,0,0.06,0.00,0.06,0.06,0.06,Matches,seriea,2024-2025
a8567629,35,Mitchel Bakker,nl NED,"DF,MF",Atalanta,24,2000,1,0,22,0.2,0,0,0,0,0,0,0,0,0.00,0.00,0.00,0.00,0.00,Matches,seriea,2024-2025
102e2599,36,Tommaso Baldanzi,it ITA,"MF,FW",Roma,21,2003,31,5,832,9.2,1,1,2,1,0,0,2,0,0.11,0.11,0.22,0.11,0.22,Matches,seriea,2024-2025
509a4ccb,37,Keita Baldé,sn SEN,FW,Monza,29,1995,11,8,638,7.1,2,0,2,2,0,0,2,0,0.28,0.00,0.28,0.28,0.28,Matches,seriea,2024-2025
348bafd4,38,Botond Balogh,hu HUN,DF,Parma,22,2002,29,23,2053,22.8,0,1,1,0,0,0,5,0,0.00,0.04,0.04,0.00,0.04,Matches,seriea,2024-2025
8ff07990,39,Mario Balotelli,it ITA,FW,Genoa,33,1990,6,0,62,0.7,0,0,0,0,0,0,2,0,0.00,0.00,0.00,0.00,0.00,Matches,seriea,2024-2025
8a6de8c7,40,Lameck Banda,zm ZAM,"MF,FW",Lecce,23,2001,15,6,610,6.8,0,1,1,0,0,0,1,0,0.00,0.15,0.15,0.00,0.15,Matches,seriea,2024-2025
56fca564,41,Daniel Bandeira,pt POR,MF,Hellas Verona,24,2000,11,4,407,4.5,0,0,0,0,0,0,1,0,0.00,0.00,0.00,0.00,0.00,Matches,seriea,2024-2025
0821331c,42,Mattia Bani,it ITA,DF,Genoa,30,1993,20,19,1507,16.7,0,0,0,0,0,0,3,0,0.00,0.00,0.00,0.00,0.00,Matches,seriea,2024-2025
01efac19,43,Antonín Barák,cz CZE,MF,Fiorentina,29,1994,1,1,54,0.6,0,0,0,0,0,0,0,0,0.00,0.00,0.00,0.00,0.00,Matches,seriea,2024-2025
c010b898,44,Federico Barba,it ITA,DF,Como,30,1993,7,5,431,4.8,0,0,0,0,0,0,0,0,0.00,0.00,0.00,0.00,0.00,Matches,seriea,2024-2025
6928979a,45,Nicolò Barella,it ITA,MF,Inter,27,1997,33,29,2493,27.7,3,6,9,3,0,0,4,0,0.11,0.22,0.32,0.11,0.32,Matches,seriea,2024-2025
7e0b6c50,46,Davide Bartesaghi,it ITA,DF,Milan,18,2005,4,1,118,1.3,0,0,0,0,0,0,0,1,0.00,0.00,0.00,0.00,0.00,Matches,seriea,2024-2025
5a08ee41,47,Federico Baschirotto,it ITA,DF,Lecce,27,1996,38,38,3420,38.0,2,0,2,2,0,0,3,0,0.05,0.00,0.05,0.05,0.05,Matches,seriea,2024-2025
ea06dd97,48,Daniele Baselli,it ITA,MF,Como,32,1992,2,1,22,0.2,0,0,0,0,0,0,0,0,0.00,0.00,0.00,0.00,0.00,Matches,seriea,2024-2025
75b86fb3,49,Alessandro Bastoni,it ITA,DF,Inter,25,1999,33,31,2401,26.7,1,5,6,1,0,0,6,1,0.04,0.19,0.22,0.04,0.22,Matches,seriea,2024-2025
705a1642,50,Reda Belahyane,ma MAR,MF,Hellas Verona,20,2004,22,17,1658,18.4,0,2,2,0,0,0,6,1,0.00,0.11,0.11,0.00,0.11,Matches,seriea,2024-2025
,Rk,Player,Nation,Pos,Squad,Age,Born,MP,Starts,Min,90s,Gls,Ast,G+A,G-PK,PK,PKatt,CrdY,CrdR,Gls,Ast,G+A,G-PK,G+A-PK,Matches,seriea,2024-2025
705a1642,51,Reda Belahyane,ma MAR,MF,Lazio,20,2004,6,1,198,2.2,0,0,0,0,0,0,0,1,0.00,0.00,0.00,0.00,0.00,Matches,seriea,2024-2025
e3756e72,52,Raoul Bellanova,it ITA,MF,Torino,24,2000,1,1,87,1.0,0,0,0,0,0,0,0,0,0.00,0.00,0.00,0.00,0.00,Matches,seriea,2024-2025
e3756e72,53,Raoul Bellanova,it ITA,MF,Atalanta,24,2000,34,27,2402,26.7,0,9,9,0,0,0,3,0,0.00,0.34,0.34,0.00,0.34,Matches,seriea,2024-2025
d705ba44,54,Andrea Belotti,it ITA,FW,Como,30,1993,18,7,593,6.6,2,0,2,2,0,0,1,0,0.30,0.00,0.30,0.30,0.30,Matches,seriea,2024-2025
482d2bc3,55,Lucas Beltrán,ar ARG,"MF,FW",Fiorentina,23,2001,33,21,1953,21.7,5,4,9,3,2,3,6,0,0.23,0.18,0.41,0.14,0.32,Matches,seriea,2024-2025
3f448184,56,Adrian Benedyczak,pl POL,MF,Parma,23,2000,9,2,214,2.4,0,0,0,0,0,0,0,0,0.00,0.00,0.00,0.00,0.00,Matches,seriea,2024-2025
db092d3b,57,Ismaël Bennacer,dz ALG,MF,Milan,26,1997,6,4,300,3.3,0,0,0,0,0,0,2,0,0.00,0.00,0.00,0.00,0.00,Matches,seriea,2024-2025
9d376bef,58,Medon Berisha,al ALB,MF,Lecce,20,2003,17,7,716,8.0,0,1,1,0,0,0,5,0,0.00,0.13,0.13,0.00,0.13,Matches,seriea,2024-2025
548672b4,59,Adrian Bernabe,es ESP,MF,Parma,23,2001,21,18,1453,16.1,1,1,2,1,0,0,1,0,0.06,0.06,0.12,0.06,0.12,Matches,seriea,2024-2025
07a821e4,60,Antoine Bernede,fr FRA,MF,Hellas Verona,25,1999,14,7,594,6.6,1,0,1,1,0,0,2,0,0.15,0.00,0.15,0.15,0.15,Matches,seriea,2024-2025
de13cee5,61,Sam Beukema,nl NED,DF,Bologna,25,1998,35,33,3012,33.5,0,1,1,0,0,0,1,0,0.00,0.03,0.03,0.00,0.03,Matches,seriea,2024-2025
d65cf468,62,Alessandro Bianco,it ITA,MF,Monza,21,2002,34,29,2600,28.9,1,0,1,1,0,0,9,0,0.03,0.00,0.03,0.03,0.03,Matches,seriea,2024-2025
d65cf468,63,Alessandro Bianco,it ITA,MF,Fiorentina,21,2002,1,0,18,0.2,0,0,0,0,0,0,0,0,0.00,0.00,0.00,0.00,0.00,Matches,seriea,2024-2025
6fdac234,64,Jaka Bijol,si SVN,DF,Udinese,25,1999,34,34,2963,32.9,1,0,1,1,0,0,13,1,0.03,0.00,0.03,0.03,0.03,Matches,seriea,2024-2025
d328a254,65,Philip Billing,dk DEN,MF,Napoli,28,1996,10,1,197,2.2,1,0,1,1,0,0,1,0,0.46,0.00,0.46,0.46,0.46,Matches,seriea,2024-2025
9e1577aa,66,Cristiano Biraghi,it ITA,DF,Torino,31,1992,15,13,1158,12.9,0,0,0,0,0,0,0,0,0.00,0.00,0.00,0.00,0.00,Matches,seriea,2024-2025
9e1577aa,67,Cristiano Biraghi,it ITA,"DF,MF",Fiorentina,31,1992,8,5,433,4.8,1,0,1,1,0,0,1,0,0.21,0.00,0.21,0.21,0.21,Matches,seriea,2024-2025
204ac005,68,Samuele Birindelli,it ITA,MF,Monza,25,1999,21,18,1468,16.3,3,0,3,3,0,0,2,0,0.18,0.00,0.18,0.18,0.18,Matches,seriea,2024-2025
f1d25de7,69,Bjarki Bjarkason,is ISL,MF,Venezia,24,2000,9,1,165,1.8,0,0,0,0,0,0,2,0,0.00,0.00,0.00,0.00,0.00,Matches,seriea,2024-2025
c83c203f,70,Emil Bohinen,no NOR,MF,Genoa,25,1999,3,1,166,1.8,0,0,0,0,0,0,0,0,0.00,0.00,0.00,0.00,0.00,Matches,seriea,2024-2025
0def2376,71,Warren Bondo,fr FRA,MF,Monza,20,2003,20,19,1618,18.0,0,0,0,0,0,0,5,1,0.00,0.00,0.00,0.00,0.00,Matches,seriea,2024-2025
0def2376,72,Warren Bondo,fr FRA,MF,Milan,20,2003,4,3,162,1.8,0,0,0,0,0,0,1,0,0.00,0.00,0.00,0.00,0.00,Matches,seriea,2024-2025
fb77bfef,73,Kevin Bonifazi,it ITA,DF,Lecce,28,1996,3,0,65,0.7,0,0,0,0,0,0,0,0,0.00,0.00,0.00,0.00,0.00,Matches,seriea,2024-2025
64629ba4,74,Ange-Yoan Bonny,fr FRA,FW,Parma,20,2003,37,30,2529,28.1,6,4,10,4,2,2,2,0,0.21,0.14,0.36,0.14,0.28,Matches,seriea,2024-2025
ae94a6c5,75,Edoardo Bove,it ITA,MF,Fiorentina,22,2002,12,11,851,9.5,1,2,3,1,0,0,3,0,0.11,0.21,0.32,0.11,0.32,Matches,seriea,2024-2025
,Rk,Player,Nation,Pos,Squad,Age,Born,MP,Starts,Min,90s,Gls,Ast,G+A,G-PK,PK,PKatt,CrdY,CrdR,Gls,Ast,G+A,G-PK,G+A-PK,Matches,seriea,2024-2025
8bbe2df5,76,Domagoj Bradarić,hr CRO,"MF,DF",Hellas Verona,24,1999,28,24,1933,21.5,1,0,1,1,0,0,6,0,0.05,0.00,0.05,0.05,0.05,Matches,seriea,2024-2025
bce728e1,77,Matthias Braunöder,at AUT,MF,Como,22,2002,8,3,268,3.0,0,0,0,0,0,0,3,1,0.00,0.00,0.00,0.00,0.00,Matches,seriea,2024-2025
db8c8860,78,Iker Bravo,es ESP,FW,Udinese,19,2005,29,4,682,7.6,2,1,3,2,0,0,3,0,0.26,0.13,0.40,0.26,0.40,Matches,seriea,2024-2025
5fd5ed86,79,Gleison Bremer,br BRA,DF,Juventus,27,1997,6,6,540,6.0,0,0,0,0,0,0,2,0,0.00,0.00,0.00,0.00,0.00,Matches,seriea,2024-2025
279508bf,80,Brenner,br BRA,"MF,FW",Udinese,24,2000,9,5,386,4.3,1,2,3,1,0,0,0,0,0.23,0.47,0.70,0.23,0.70,Matches,seriea,2024-2025
dfd56738,81,Marco Brescianini,it ITA,MF,Atalanta,24,2000,29,9,991,11.0,4,2,6,4,0,0,1,0,0.36,0.18,0.54,0.36,0.54,Matches,seriea,2024-2025
9f2989f4,82,Arvid Brorsson,se SWE,DF,Monza,25,1999,6,3,362,4.0,0,0,0,0,0,0,0,0,0.00,0.00,0.00,0.00,0.00,Matches,seriea,2024-2025
3aca6420,83,Tajon Buchanan,ca CAN,"DF,MF",Inter,25,1999,6,0,95,1.1,0,0,0,0,0,0,0,0,0.00,0.00,0.00,0.00,0.00,Matches,seriea,2024-2025
4ae67f27,84,Alessandro Buongiorno,it ITA,DF,Napoli,25,1999,22,22,1924,21.4,1,0,1,1,0,0,2,0,0.05,0.00,0.05,0.05,0.05,Matches,seriea,2024-2025
7c4b4e36,85,Rareș-Cătălin Burnete,ro ROU,FW,Lecce,20,2004,4,0,28,0.3,0,0,0,0,0,0,0,0,0.00,0.00,0.00,0.00,0.00,Matches,seriea,2024-2025
4a0b7f07,86,Gianluca Busio,us USA,MF,Venezia,22,2002,33,28,2518,28.0,2,0,2,2,0,0,4,0,0.07,0.00,0.07,0.07,0.07,Matches,seriea,2024-2025
7f40333d,87,Jean Butez,fr FRA,GK,Como,29,1995,19,18,1666,18.5,0,0,0,0,0,0,0,0,0.00,0.00,0.00,0.00,0.00,Matches,seriea,2024-2025
dd86e8e4,88,Liberato Cacace,nz NZL,"MF,DF",Empoli,23,2000,33,24,2230,24.8,2,4,6,2,0,0,6,0,0.08,0.16,0.24,0.08,0.24,Matches,seriea,2024-2025
2028c5c3,89,Alessio Cacciamani,it ITA,FW,Torino,17,2007,2,0,31,0.3,0,0,0,0,0,0,0,0,0.00,0.00,0.00,0.00,0.00,Matches,seriea,2024-2025
2146785a,90,Davide Calabria,it ITA,DF,Bologna,27,1996,11,7,632,7.0,0,1,1,0,0,0,3,0,0.00,0.14,0.14,0.00,0.14,Matches,seriea,2024-2025
2146785a,91,Davide Calabria,it ITA,DF,Milan,27,1996,7,4,316,3.5,0,0,0,0,0,0,0,0,0.00,0.00,0.00,0.00,0.00,Matches,seriea,2024-2025
226008f1,92,Luca Caldirola,it ITA,DF,Monza,33,1991,14,10,876,9.7,0,0,0,0,0,0,5,0,0.00,0.00,0.00,0.00,0.00,Matches,seriea,2024-2025
cd0fa27b,93,Hakan Çalhanoğlu,tr TUR,MF,Inter,30,1994,29,26,1947,21.6,5,6,11,2,3,4,5,0,0.23,0.28,0.51,0.09,0.37,Matches,seriea,2024-2025
543d9d2b,94,Drissa Camara,ci CIV,FW,Parma,22,2002,21,1,447,5.0,0,0,0,0,0,0,3,0,0.00,0.00,0.00,0.00,0.00,Matches,seriea,2024-2025
1956a64b,95,Francesco Camarda,it ITA,FW,Milan,16,2008,10,1,206,2.3,0,0,0,0,0,0,0,0,0.00,0.00,0.00,0.00,0.00,Matches,seriea,2024-2025
91ff775f,96,Nicolò Cambiaghi,it ITA,"MF,FW",Bologna,23,2000,18,4,620,6.9,1,3,4,1,0,0,0,0,0.15,0.44,0.58,0.15,0.58,Matches,seriea,2024-2025
247ed022,97,Andrea Cambiaso,it ITA,"DF,MF",Juventus,24,2000,33,25,2221,24.7,2,3,5,2,0,0,4,0,0.08,0.12,0.20,0.08,0.20,Matches,seriea,2024-2025
cb88e494,98,Thomas Campaniello,it ITA,FW,Empoli,16,2008,3,0,25,0.3,0,0,0,0,0,0,0,0,0.00,0.00,0.00,0.00,0.00,Matches,seriea,2024-2025
b6a1cdf9,99,Matteo Cancellieri,it ITA,"MF,FW",Parma,22,2002,27,19,1424,15.8,3,0,3,3,0,0,2,1,0.19,0.00,0.19,0.19,0.19,Matches,seriea,2024-2025
3cc4bb19,100,Fali Candé,gw GNB,DF,Venezia,26,1998,17,17,1530,17.0,1,1,2,1,0,0,4,0,0.06,0.06,0.12,0.06,0.12,Matches,seriea,2024-2025
,Rk,Player,Nation,Pos,Squad,Age,Born,MP,Starts,Min,90s,Gls,Ast,G+A,G-PK,PK,PKatt,CrdY,CrdR,Gls,Ast,G+A,G-PK,G+A-PK,Matches,seriea,2024-2025
d4307c52,101,Antonio Candela,it ITA,"MF,DF",Venezia,24,2000,14,12,1008,11.2,0,1,1,0,0,0,2,0,0.00,0.09,0.09,0.00,0.09,Matches,seriea,2024-2025
54e53b7e,102,Gianluca Caprari,it ITA,"MF,FW",Monza,31,1993,34,18,1651,18.3,3,2,5,1,2,2,3,0,0.16,0.11,0.27,0.05,0.16,Matches,seriea,2024-2025
97d7afbd,103,Elia Caprile,it ITA,GK,Cagliari,22,2001,18,18,1620,18.0,0,0,0,0,0,0,0,0,0.00,0.00,0.00,0.00,0.00,Matches,seriea,2024-2025
97d7afbd,104,Elia Caprile,it ITA,GK,Napoli,22,2001,4,3,325,3.6,0,0,0,0,0,0,0,0,0.00,0.00,0.00,0.00,0.00,Matches,seriea,2024-2025
5bd72174,105,Francesco Caputo,it ITA,FW,Empoli,36,1987,1,0,6,0.1,0,0,0,0,0,0,0,0,0.00,0.00,0.00,0.00,0.00,Matches,seriea,2024-2025
f81ef10d,106,Maxence Caqueret,fr FRA,MF,Como,24,2000,18,15,1087,12.1,2,3,5,2,0,0,4,0,0.17,0.25,0.41,0.17,0.41,Matches,seriea,2024-2025
f7e2af2c,107,Andrea Carboni,it ITA,DF,Monza,23,2001,26,25,2191,24.3,0,1,1,0,0,0,5,0,0.00,0.04,0.04,0.00,0.04,Matches,seriea,2024-2025
b033f803,108,Franco Carboni,it ITA,MF,Venezia,21,2003,8,3,226,2.5,0,0,0,0,0,0,2,0,0.00,0.00,0.00,0.00,0.00,Matches,seriea,2024-2025
8ec56e62,109,Marco Carnesecchi,it ITA,GK,Atalanta,24,2000,34,34,3060,34.0,0,0,0,0,0,0,1,0,0.00,0.00,0.00,0.00,0.00,Matches,seriea,2024-2025
fb920f3a,110,Cesare Casadei,it ITA,MF,Torino,21,2003,15,13,1017,11.3,1,1,2,1,0,0,1,0,0.09,0.09,0.18,0.09,0.18,Matches,seriea,2024-2025
3f5f38fb,111,Nicolò Casale,it ITA,DF,Bologna,26,1998,15,9,900,10.0,0,1,1,0,0,0,1,0,0.00,0.10,0.10,0.00,0.10,Matches,seriea,2024-2025
3f5f38fb,112,Nicolò Casale,it ITA,DF,Lazio,26,1998,2,2,135,1.5,0,0,0,0,0,0,0,0,0.00,0.00,0.00,0.00,0.00,Matches,seriea,2024-2025
5f209d47,113,Federico Cassa,it ITA,MF,Atalanta,18,2006,2,0,14,0.2,0,0,0,0,0,0,0,0,0.00,0.00,0.00,0.00,0.00,Matches,seriea,2024-2025
da76bab4,114,Valentín Castellanos,ar ARG,FW,Lazio,25,1998,29,28,2384,26.5,10,3,13,8,2,3,9,1,0.38,0.11,0.49,0.30,0.42,Matches,seriea,2024-2025
ee5565ae,115,Santiago Castro,ar ARG,FW,Bologna,19,2004,36,27,2294,25.5,8,4,12,8,0,1,7,0,0.31,0.16,0.47,0.31,0.47,Matches,seriea,2024-2025
0728bebe,116,Gaetano Castrovilli,it ITA,MF,Monza,27,1997,12,7,596,6.6,0,0,0,0,0,0,0,0,0.00,0.00,0.00,0.00,0.00,Matches,seriea,2024-2025
0728bebe,117,Gaetano Castrovilli,it ITA,MF,Lazio,27,1997,9,1,148,1.6,0,0,0,0,0,0,0,0,0.00,0.00,0.00,0.00,0.00,Matches,seriea,2024-2025
ba3d3bea,118,Danilo Cataldi,it ITA,MF,Fiorentina,29,1994,25,23,1728,19.2,3,0,3,3,0,0,1,0,0.16,0.00,0.16,0.16,0.16,Matches,seriea,2024-2025
31a62dc7,119,Zeki Çelik,tr TUR,"DF,MF",Roma,27,1997,31,27,2256,25.1,0,2,2,0,0,0,5,0,0.00,0.08,0.08,0.00,0.08,Matches,seriea,2024-2025
1079c685,120,Alberto Cerri,it ITA,FW,Como,28,1996,5,0,87,1.0,0,0,0,0,0,0,0,0,0.00,0.00,0.00,0.00,0.00,Matches,seriea,2024-2025
c52bea9e,121,Gabriel Charpentier,cg CGO,FW,Parma,25,1999,10,0,271,3.0,1,2,3,1,0,0,1,0,0.33,0.66,1.00,0.33,1.00,Matches,seriea,2024-2025
0545a08e,122,Walid Cheddira,ma MAR,FW,Napoli,26,1998,1,0,12,0.1,0,0,0,0,0,0,0,0,0.00,0.00,0.00,0.00,0.00,Matches,seriea,2024-2025
8d957256,123,Leandro Chichizola,ar ARG,GK,Parma,34,1990,1,1,90,1.0,0,0,0,0,0,0,0,0,0.00,0.00,0.00,0.00,0.00,Matches,seriea,2024-2025
b8a642fc,124,Samuel Chukwueze,ng NGA,"MF,FW",Milan,25,1999,26,9,925,10.3,3,2,5,3,0,0,0,0,0.29,0.19,0.49,0.29,0.49,Matches,seriea,2024-2025
20525799,125,Aaron Ciammaglichella,it ITA,MF,Torino,19,2005,1,0,1,0.0,0,0,0,0,0,0,0,0,0.00,0.00,0.00,0.00,0.00,Matches,seriea,2024-2025
,Rk,Player,Nation,Pos,Squad,Age,Born,MP,Starts,Min,90s,Gls,Ast,G+A,G-PK,PK,PKatt,CrdY,CrdR,Gls,Ast,G+A,G-PK,G+A-PK,Matches,seriea,2024-2025
d6416327,126,Giuseppe Ciocci,it ITA,GK,Cagliari,22,2002,1,0,9,0.1,0,0,0,0,0,0,0,0,0.00,0.00,0.00,0.00,0.00,Matches,seriea,2024-2025
1223765c,127,Alessandro Circati,au AUS,DF,Parma,20,2003,6,6,540,6.0,0,0,0,0,0,0,1,0,0.00,0.00,0.00,0.00,0.00,Matches,seriea,2024-2025
d079becb,128,Alphadjo Cissè,it ITA,MF,Hellas Verona,17,2006,2,0,9,0.1,0,0,0,0,0,0,0,0,0.00,0.00,0.00,0.00,0.00,Matches,seriea,2024-2025
5de3866c,129,Patrick Ciurria,it ITA,MF,Monza,29,1995,21,12,1111,12.3,1,1,2,1,0,0,1,0,0.08,0.08,0.16,0.08,0.16,Matches,seriea,2024-2025
d0ee1652,130,Saúl Coco,gq EQG,DF,Torino,25,1999,32,32,2845,31.6,2,0,2,2,0,0,10,0,0.06,0.00,0.06,0.06,0.06,Matches,seriea,2024-2025
04df29a5,131,Lorenzo Colombo,it ITA,"FW,MF",Empoli,22,2002,37,26,2233,24.8,6,2,8,5,1,1,5,1,0.24,0.08,0.32,0.20,0.28,Matches,seriea,2024-2025
6499048c,132,Andrea Colpani,it ITA,MF,Fiorentina,25,1999,25,18,1450,16.1,2,1,3,2,0,0,1,0,0.12,0.06,0.19,0.12,0.19,Matches,seriea,2024-2025
a9440c25,133,Florinel Coman,ro ROU,"MF,FW",Cagliari,26,1998,9,2,263,2.9,1,0,1,1,0,0,2,0,0.34,0.00,0.34,0.34,0.34,Matches,seriea,2024-2025
5e3ecc35,134,Pietro Comuzzo,it ITA,DF,Fiorentina,19,2005,33,24,2200,24.4,1,0,1,1,0,0,5,0,0.04,0.00,0.04,0.04,0.04,Matches,seriea,2024-2025
5ef3d210,135,Francisco Conceição,pt POR,MF,Juventus,21,2002,26,12,1340,14.9,3,3,6,3,0,0,5,1,0.20,0.20,0.40,0.20,0.40,Matches,seriea,2024-2025
22ae86f9,136,Diego Coppola,it ITA,DF,Hellas Verona,20,2003,34,33,2927,32.5,2,0,2,2,0,0,10,0,0.06,0.00,0.06,0.06,0.06,Matches,seriea,2024-2025
beb391dd,137,Maxwel Cornet,ci CIV,MF,Genoa,27,1996,7,2,246,2.7,2,1,3,2,0,0,0,0,0.73,0.37,1.10,0.73,1.10,Matches,seriea,2024-2025
45b9b619,138,Joaquín Correa,ar ARG,"FW,MF",Inter,29,1994,19,6,731,8.1,2,2,4,2,0,0,3,0,0.25,0.25,0.49,0.25,0.49,Matches,seriea,2024-2025
4d36e5ae,139,Alberto costa,pt POR,"DF,MF",Juventus,20,2003,9,3,357,4.0,0,1,1,0,0,0,3,0,0.00,0.25,0.25,0.00,0.25,Matches,seriea,2024-2025
85a44ecc,140,Lassana Coulibaly,ml MLI,MF,Lecce,28,1996,38,30,2667,29.6,1,0,1,1,0,0,3,0,0.03,0.00,0.03,0.03,0.03,Matches,seriea,2024-2025
beb6e3a6,141,Woyo Coulibaly,ml MLI,DF,Parma,25,1999,14,12,1084,12.0,0,1,1,0,0,0,1,1,0.00,0.08,0.08,0.00,0.08,Matches,seriea,2024-2025
16657b95,142,Bryan Cristante,it ITA,MF,Roma,29,1995,30,23,2045,22.7,4,2,6,4,0,0,8,0,0.18,0.09,0.26,0.18,0.26,Matches,seriea,2024-2025
22cd43d2,143,Domen Črnigoj,si SVN,MF,Venezia,28,1995,8,1,136,1.5,0,0,0,0,0,0,0,0,0.00,0.00,0.00,0.00,0.00,Matches,seriea,2024-2025
0ab1f153,144,Juan Cuadrado,co COL,"MF,FW",Atalanta,36,1988,23,7,832,9.2,0,2,2,0,0,0,3,0,0.00,0.22,0.22,0.00,0.22,Matches,seriea,2024-2025
a4fe8cda,145,Patrick Cutrone,it ITA,FW,Como,26,1998,33,23,2047,22.7,7,4,11,7,0,1,1,0,0.31,0.18,0.48,0.31,0.48,Matches,seriea,2024-2025
3e092724,146,Wylan Cyprien,fr FRA,MF,Parma,29,1995,2,0,28,0.3,0,0,0,0,0,0,0,0,0.00,0.00,0.00,0.00,0.00,Matches,seriea,2024-2025
44eb9093,147,Danilo D'Ambrosio,it ITA,DF,Monza,35,1988,20,12,1095,12.2,0,1,1,0,0,0,2,1,0.00,0.08,0.08,0.00,0.08,Matches,seriea,2024-2025
007faf7a,148,Lucas Da Cunha,fr FRA,MF,Como,23,2001,36,30,2613,29.0,3,2,5,3,0,0,4,0,0.10,0.07,0.17,0.10,0.17,Matches,seriea,2024-2025
bbe7d20b,149,Samuel Dahl,se SWE,DF,Roma,24,2000,2,0,43,0.5,0,0,0,0,0,0,0,0,0.00,0.00,0.00,0.00,0.00,Matches,seriea,2024-2025
b70afb45,150,Thijs Dallinga,nl NED,FW,Bologna,23,2000,31,11,1154,12.8,3,2,5,3,0,0,1,0,0.23,0.16,0.39,0.23,0.39,Matches,seriea,2024-2025
,Rk,Player,Nation,Pos,Squad,Age,Born,MP,Starts,Min,90s,Gls,Ast,G+A,G-PK,PK,PKatt,CrdY,CrdR,Gls,Ast,G+A,G-PK,G+A-PK,Matches,seriea,2024-2025
183934cd,151,Maat Daniel Caprini,it ITA,FW,Fiorentina,18,2006,2,0,8,0.1,0,0,0,0,0,0,0,0,0.00,0.00,0.00,0.00,0.00,Matches,seriea,2024-2025
7ef972c3,152,Flavius Daniliuc,at AUT,DF,Hellas Verona,23,2001,18,9,1004,11.2,0,0,0,0,0,0,0,0,0.00,0.00,0.00,0.00,0.00,Matches,seriea,2024-2025
94b2001f,153,Danilo,br BRA,DF,Juventus,33,1991,12,6,581,6.5,0,1,1,0,0,0,2,0,0.00,0.15,0.15,0.00,0.15,Matches,seriea,2024-2025
96e0490d,154,Matteo Darmian,it ITA,"MF,DF",Inter,34,1989,29,20,1781,19.8,3,2,5,3,0,0,3,0,0.15,0.10,0.25,0.15,0.25,Matches,seriea,2024-2025
ef6eef89,155,Juan David Cabal,co COL,DF,Juventus,23,2001,7,6,460,5.1,0,0,0,0,0,0,0,0,0.00,0.00,0.00,0.00,0.00,Matches,seriea,2024-2025
9deaf2c8,156,Keinan Davis,eng ENG,FW,Udinese,26,1998,23,10,1066,11.8,2,1,3,2,0,0,2,0,0.17,0.08,0.25,0.17,0.25,Matches,seriea,2024-2025
16bb656a,157,Paweł Dawidowicz,pl POL,"DF,MF",Hellas Verona,29,1995,26,24,1845,20.5,0,0,0,0,0,0,7,1,0.00,0.00,0.00,0.00,0.00,Matches,seriea,2024-2025
2ef7c612,158,Charles De Ketelaere,be BEL,"MF,FW",Atalanta,23,2001,36,25,2070,23.0,7,7,14,7,0,0,1,0,0.30,0.30,0.61,0.30,0.61,Matches,seriea,2024-2025
ae4e2852,159,Mattia De Sciglio,it ITA,DF,Empoli,31,1992,16,7,769,8.5,1,0,1,1,0,0,0,0,0.12,0.00,0.12,0.12,0.12,Matches,seriea,2024-2025
e74f0e59,160,Lorenzo De Silvestri,it ITA,DF,Bologna,36,1988,18,13,1060,11.8,1,0,1,1,0,0,1,0,0.08,0.00,0.08,0.08,0.08,Matches,seriea,2024-2025
f4797849,161,Koni De Winter,be BEL,DF,Genoa,22,2002,25,23,2135,23.7,3,0,3,3,0,0,6,0,0.13,0.00,0.13,0.13,0.13,Matches,seriea,2024-2025
7f267d66,162,Alessandro Deiola,it ITA,MF,Cagliari,28,1995,29,16,1432,15.9,2,1,3,2,0,0,6,0,0.13,0.06,0.19,0.13,0.19,Matches,seriea,2024-2025
4c6f9258,163,Enrico Del Prato,it ITA,"DF,MF",Parma,24,1999,34,32,2947,32.7,4,0,4,4,0,0,8,0,0.12,0.00,0.12,0.12,0.12,Matches,seriea,2024-2025
121a4fb8,164,Fisayo Dele-Bashiru,ng NGA,MF,Lazio,23,2001,20,12,947,10.5,3,1,4,3,0,0,0,0,0.29,0.10,0.38,0.29,0.38,Matches,seriea,2024-2025
eb3df7d9,165,Ali Dembélé,fr FRA,DF,Torino,20,2004,15,4,388,4.3,1,0,1,1,0,0,4,1,0.23,0.00,0.23,0.23,0.23,Matches,seriea,2024-2025
4e0c8d66,166,Michele Di Gregorio,it ITA,GK,Juventus,27,1997,33,33,2970,33.0,0,0,0,0,0,0,0,0,0.00,0.00,0.00,0.00,0.00,Matches,seriea,2024-2025
230a2fac,167,Giovanni Di Lorenzo,it ITA,DF,Napoli,30,1993,37,37,3330,37.0,3,2,5,3,0,0,6,0,0.08,0.05,0.14,0.08,0.14,Matches,seriea,2024-2025
244bc2c8,168,Boulaye Dia,sn SEN,"MF,FW",Lazio,27,1996,35,27,2177,24.2,9,3,12,9,0,0,2,0,0.37,0.12,0.50,0.37,0.50,Matches,seriea,2024-2025
8ae7d0ec,169,Assane Diao,sn SEN,"MF,FW",Como,18,2005,15,14,1252,13.9,8,1,9,8,0,0,2,0,0.58,0.07,0.65,0.58,0.65,Matches,seriea,2024-2025
970b8574,170,Federico Dimarco,it ITA,MF,Inter,26,1997,33,29,2177,24.2,4,7,11,4,0,0,3,0,0.17,0.29,0.45,0.17,0.45,Matches,seriea,2024-2025
6eee05f1,171,Berat Djimsiti,al ALB,DF,Atalanta,31,1993,34,32,2640,29.3,1,2,3,1,0,0,6,0,0.03,0.07,0.10,0.03,0.10,Matches,seriea,2024-2025
b5f7d10b,172,Dodô,br BRA,"DF,MF",Fiorentina,25,1998,35,35,3115,34.6,0,5,5,0,0,0,8,0,0.00,0.14,0.14,0.00,0.14,Matches,seriea,2024-2025
a83b47fa,173,Benjamín Domínguez,ar ARG,MF,Bologna,20,2003,24,16,1281,14.2,3,2,5,3,0,0,0,0,0.21,0.14,0.35,0.21,0.35,Matches,seriea,2024-2025
e6536124,174,Patrick Dorgu,dk DEN,"MF,DF",Lecce,19,2004,21,21,1840,20.4,3,1,4,3,0,0,2,1,0.15,0.05,0.20,0.15,0.20,Matches,seriea,2024-2025
61efb926,175,Alberto Dossena,it ITA,DF,Como,25,1998,23,20,1825,20.3,0,2,2,0,0,0,1,1,0.00,0.10,0.10,0.00,0.10,Matches,seriea,2024-2025
,Rk,Player,Nation,Pos,Squad,Age,Born,MP,Starts,Min,90s,Gls,Ast,G+A,G-PK,PK,PKatt,CrdY,CrdR,Gls,Ast,G+A,G-PK,G+A-PK,Matches,seriea,2024-2025
b74fc282,176,Issa Doumbia,it ITA,MF,Venezia,20,2003,24,10,939,10.4,0,0,0,0,0,0,0,0,0.00,0.00,0.00,0.00,0.00,Matches,seriea,2024-2025
853ca71c,177,Anastasios Douvikas,gr GRE,FW,Como,24,1999,13,6,580,6.4,2,2,4,2,0,0,1,0,0.31,0.31,0.62,0.31,0.62,Matches,seriea,2024-2025
5b847bb0,178,Artem Dovbyk,ua UKR,FW,Roma,27,1997,32,27,2418,26.9,12,2,14,10,2,2,0,0,0.45,0.07,0.52,0.37,0.45,Matches,seriea,2024-2025
79ca3e23,179,Ondrej Duda,sk SVK,MF,Hellas Verona,29,1994,28,27,2395,26.6,1,3,4,1,0,0,12,1,0.04,0.11,0.15,0.04,0.15,Matches,seriea,2024-2025
481c9ece,180,Denzel Dumfries,nl NED,MF,Inter,28,1996,29,20,1955,21.7,7,2,9,7,0,0,4,0,0.32,0.09,0.41,0.32,0.41,Matches,seriea,2024-2025
528492ea,181,Alfred Duncan,gh GHA,MF,Venezia,31,1993,16,12,957,10.6,0,0,0,0,0,0,2,0,0.00,0.00,0.00,0.00,0.00,Matches,seriea,2024-2025
e0921a4f,182,Paulo Dybala,ar ARG,"FW,MF",Roma,30,1993,24,16,1417,15.7,6,3,9,3,3,3,2,0,0.38,0.19,0.57,0.19,0.38,Matches,seriea,2024-2025
9ba7b4fa,183,Enzo Ebosse,cm CMR,DF,Udinese,25,1999,2,0,90,1.0,0,0,0,0,0,0,1,0,0.00,0.00,0.00,0.00,0.00,Matches,seriea,2024-2025
6af30900,184,Tyronne Ebuehi,ng NGA,DF,Empoli,28,1995,4,0,74,0.8,0,0,0,0,0,0,0,0,0.00,0.00,0.00,0.00,0.00,Matches,seriea,2024-2025
a9202def,185,Éderson,br BRA,MF,Atalanta,25,1999,37,32,2881,32.0,4,1,5,4,0,0,5,1,0.12,0.03,0.16,0.12,0.16,Matches,seriea,2024-2025
76b2817e,186,Kingsley Ehizibue,nl NED,"MF,DF",Udinese,29,1995,33,30,2498,27.8,0,1,1,0,0,0,5,0,0.00,0.04,0.04,0.00,0.04,Matches,seriea,2024-2025
faf739d2,187,Jeff Ekhator,it ITA,"FW,MF",Genoa,17,2006,24,6,769,8.5,1,1,2,1,0,0,1,0,0.12,0.12,0.23,0.12,0.23,Matches,seriea,2024-2025
73d6a176,188,Jurgen Ekkelenkamp,nl NED,MF,Udinese,24,2000,34,20,1892,21.0,3,2,5,3,0,0,2,0,0.14,0.10,0.24,0.14,0.24,Matches,seriea,2024-2025
c20892ee,189,Emmanuel Ekong,se SWE,FW,Empoli,22,2002,15,0,186,2.1,0,0,0,0,0,0,1,0,0.00,0.00,0.00,0.00,0.00,Matches,seriea,2024-2025
7afbd2c3,190,Caleb Ekuban,gh GHA,FW,Genoa,30,1994,18,3,555,6.2,1,3,4,1,0,0,1,0,0.16,0.49,0.65,0.16,0.65,Matches,seriea,2024-2025
c55967eb,191,Mikael Ellertsson,is ISL,MF,Venezia,22,2002,36,29,2470,27.4,2,2,4,2,0,0,2,0,0.07,0.07,0.15,0.07,0.15,Matches,seriea,2024-2025
cf007308,192,Elif Elmas,mk MKD,"MF,FW",Torino,24,1999,13,12,1021,11.3,4,0,4,4,0,0,0,0,0.35,0.00,0.35,0.35,0.35,Matches,seriea,2024-2025
df8b52a5,193,Emerson,br BRA,DF,Milan,25,1999,17,16,1377,15.3,0,0,0,0,0,0,5,0,0.00,0.00,0.00,0.00,0.00,Matches,seriea,2024-2025
fac66db3,194,Yannik Engelhardt,de GER,"MF,DF",Como,23,2001,26,11,1164,12.9,1,1,2,1,0,0,4,0,0.08,0.08,0.15,0.08,0.15,Matches,seriea,2024-2025
0fee6bda,195,Martin Erlic,hr CRO,DF,Bologna,26,1998,8,5,334,3.7,0,0,0,0,0,0,0,0,0.00,0.00,0.00,0.00,0.00,Matches,seriea,2024-2025
7ff93107,196,Sebastiano Esposito,it ITA,"FW,MF",Empoli,22,2002,33,27,2331,25.9,8,0,8,7,1,2,1,0,0.31,0.00,0.31,0.27,0.27,Matches,seriea,2024-2025
ace50e9f,197,Estanis,es ESP,FW,Bologna,20,2003,1,0,9,0.1,0,0,0,0,0,0,0,0,0.00,0.00,0.00,0.00,0.00,Matches,seriea,2024-2025
cec60a2f,198,Nahuel Estévez,ar ARG,MF,Parma,28,1995,14,7,657,7.3,0,0,0,0,0,0,3,0,0.00,0.00,0.00,0.00,0.00,Matches,seriea,2024-2025
f97f9188,199,Giovanni Fabbian,it ITA,MF,Bologna,21,2003,30,9,1023,11.4,3,1,4,3,0,0,2,0,0.26,0.09,0.35,0.26,0.35,Matches,seriea,2024-2025
53210e42,200,Alieu Fadera,gm GAM,MF,Como,22,2001,28,20,1644,18.3,1,3,4,1,0,0,2,1,0.05,0.16,0.22,0.05,0.22,Matches,seriea,2024-2025
,Rk,Player,Nation,Pos,Squad,Age,Born,MP,Starts,Min,90s,Gls,Ast,G+A,G-PK,PK,PKatt,CrdY,CrdR,Gls,Ast,G+A,G-PK,G+A-PK,Matches,seriea,2024-2025
366be751,201,Nicolò Fagioli,it ITA,MF,Fiorentina,23,2001,15,10,962,10.7,1,2,3,1,0,0,0,0,0.09,0.19,0.28,0.09,0.28,Matches,seriea,2024-2025
366be751,202,Nicolò Fagioli,it ITA,MF,Juventus,23,2001,17,5,571,6.3,0,0,0,0,0,0,4,0,0.00,0.00,0.00,0.00,0.00,Matches,seriea,2024-2025
9f5a610b,203,Wladimiro Falcone,it ITA,GK,Lecce,29,1995,38,38,3420,38.0,0,0,0,0,0,0,2,0,0.00,0.00,0.00,0.00,0.00,Matches,seriea,2024-2025
aae9d04a,204,Davide Faraoni,it ITA,"MF,DF",Hellas Verona,32,1991,8,3,260,2.9,0,0,0,0,0,0,1,0,0.00,0.00,0.00,0.00,0.00,Matches,seriea,2024-2025
06b08c45,205,Jacopo Fazzini,it ITA,MF,Empoli,21,2003,20,16,1383,15.4,4,1,5,4,0,0,1,1,0.26,0.07,0.33,0.26,0.33,Matches,seriea,2024-2025
38aa2612,206,Mattia Felici,it ITA,MF,Cagliari,23,2001,20,9,925,10.3,0,3,3,0,0,0,1,0,0.00,0.29,0.29,0.00,0.29,Matches,seriea,2024-2025
8aafd64f,207,João Félix,pt POR,MF,Milan,24,1999,15,8,760,8.4,2,0,2,2,0,0,3,0,0.24,0.00,0.24,0.24,0.24,Matches,seriea,2024-2025
ee64a822,208,Lewis Ferguson,sct SCO,MF,Bologna,24,1999,16,10,983,10.9,1,1,2,0,1,1,0,0,0.09,0.09,0.18,0.00,0.09,Matches,seriea,2024-2025
383a628e,209,Daniel Fila,cz CZE,FW,Venezia,21,2002,10,6,492,5.5,2,0,2,2,0,0,3,1,0.37,0.00,0.37,0.37,0.37,Matches,seriea,2024-2025
e288d4b3,210,Alessandro Florenzi,it ITA,"DF,FW",Milan,33,1991,1,0,5,0.1,0,0,0,0,0,0,0,0,0.00,0.00,0.00,0.00,0.00,Matches,seriea,2024-2025
822d51d7,211,Youssouf Fofana,fr FRA,MF,Milan,25,1999,35,29,2504,27.8,1,6,7,1,0,0,5,0,0.04,0.22,0.25,0.04,0.25,Matches,seriea,2024-2025
c391a179,212,Michael Folorunsho,it ITA,MF,Fiorentina,26,1998,14,6,650,7.2,0,0,0,0,0,0,5,0,0.00,0.00,0.00,0.00,0.00,Matches,seriea,2024-2025
c391a179,213,Michael Folorunsho,it ITA,"FW,MF",Napoli,26,1998,6,0,35,0.4,0,0,0,0,0,0,0,0,0.00,0.00,0.00,0.00,0.00,Matches,seriea,2024-2025
1b9728b0,214,Omari Forson,eng ENG,FW,Monza,20,2004,9,1,223,2.5,0,0,0,0,0,0,0,0,0.00,0.00,0.00,0.00,0.00,Matches,seriea,2024-2025
2a7d27c1,215,Davide Frattesi,it ITA,MF,Inter,24,1999,28,9,1225,13.6,5,1,6,5,0,0,1,0,0.37,0.07,0.44,0.37,0.44,Matches,seriea,2024-2025
f4d60499,216,Morten Frendrup,dk DEN,MF,Genoa,23,2001,35,35,3103,34.5,2,0,2,2,0,0,5,0,0.06,0.00,0.06,0.06,0.06,Matches,seriea,2024-2025
b910e9c0,217,Martin Frese,dk DEN,"DF,MF",Hellas Verona,26,1998,11,5,549,6.1,0,0,0,0,0,0,0,0,0.00,0.00,0.00,0.00,0.00,Matches,seriea,2024-2025
98d2c2c4,218,Remo Freuler,ch SUI,MF,Bologna,32,1992,37,37,3204,35.6,1,2,3,1,0,0,6,0,0.03,0.06,0.08,0.03,0.08,Matches,seriea,2024-2025
c235e803,219,Matteo Gabbia,it ITA,DF,Milan,24,1999,26,24,2152,23.9,2,0,2,2,0,0,4,0,0.08,0.00,0.08,0.08,0.08,Matches,seriea,2024-2025
2c105080,220,Tommaso Gabellini,it ITA,FW,Torino,17,2006,1,0,10,0.1,0,0,0,0,0,0,0,0,0.00,0.00,0.00,0.00,0.00,Matches,seriea,2024-2025
19452285,221,Tiago Gabriel,pt POR,DF,Lecce,19,2004,2,0,96,1.1,0,0,0,0,0,0,0,0,0.00,0.00,0.00,0.00,0.00,Matches,seriea,2024-2025
181cb492,222,Alessandro Gabrielloni,it ITA,FW,Como,30,1994,15,0,142,1.6,1,1,2,1,0,0,1,0,0.63,0.63,1.27,0.63,1.27,Matches,seriea,2024-2025
3b387cc7,223,Gianluca Gaetano,it ITA,"MF,FW",Cagliari,24,2000,28,8,1009,11.2,2,4,6,2,0,0,0,0,0.18,0.36,0.54,0.18,0.54,Matches,seriea,2024-2025
ce30bfc8,224,Roberto Gagliardini,it ITA,MF,Monza,30,1994,8,0,180,2.0,0,0,0,0,0,0,1,0,0.00,0.00,0.00,0.00,0.00,Matches,seriea,2024-2025
c74d63ac,225,Antonino Gallo,it ITA,DF,Lecce,24,2000,31,31,2609,29.0,0,2,2,0,0,0,3,1,0.00,0.07,0.07,0.00,0.07,Matches,seriea,2024-2025
,Rk,Player,Nation,Pos,Squad,Age,Born,MP,Starts,Min,90s,Gls,Ast,G+A,G-PK,PK,PKatt,CrdY,CrdR,Gls,Ast,G+A,G-PK,G+A-PK,Matches,seriea,2024-2025
6c731625,226,Silvère Ganvoula M'Boussy,cg CGO,FW,Monza,28,1996,7,4,326,3.6,0,0,0,0,0,0,0,0,0.00,0.00,0.00,0.00,0.00,Matches,seriea,2024-2025
18dd3219,227,Federico Gatti,it ITA,DF,Juventus,26,1998,30,26,2195,24.4,1,0,1,1,0,0,2,0,0.04,0.00,0.04,0.04,0.04,Matches,seriea,2024-2025
7ba6d84e,228,David de Gea,es ESP,GK,Fiorentina,33,1990,35,35,3150,35.0,0,1,1,0,0,0,1,0,0.00,0.03,0.03,0.00,0.03,Matches,seriea,2024-2025
822ed0ec,229,Valentin Gendrey,fr FRA,DF,Lecce,24,2000,2,2,180,2.0,0,0,0,0,0,0,0,0,0.00,0.00,0.00,0.00,0.00,Matches,seriea,2024-2025
9cedad4b,230,Daniele Ghilardi,it ITA,DF,Hellas Verona,21,2003,24,21,2029,22.5,0,0,0,0,0,0,7,1,0.00,0.00,0.00,0.00,0.00,Matches,seriea,2024-2025
e08ac719,231,Lautaro Gianetti,ar ARG,DF,Udinese,30,1993,15,11,878,9.8,1,0,1,1,0,0,4,0,0.10,0.00,0.10,0.10,0.10,Matches,seriea,2024-2025
41eebdf5,232,Samuel Gigot,fr FRA,DF,Lazio,30,1993,15,7,683,7.6,2,0,2,2,0,0,2,0,0.26,0.00,0.26,0.26,0.26,Matches,seriea,2024-2025
9c435456,233,Mario Gila,es ESP,DF,Lazio,23,2000,32,31,2741,30.5,1,0,1,1,0,0,8,0,0.03,0.00,0.03,0.03,0.03,Matches,seriea,2024-2025
df10e27c,234,Billy Gilmour,sct SCO,MF,Napoli,23,2001,26,13,1177,13.1,0,1,1,0,0,0,0,0,0.00,0.08,0.08,0.00,0.08,Matches,seriea,2024-2025
37337aea,235,Santiago Giménez,mx MEX,FW,Milan,23,2001,14,7,669,7.4,5,2,7,5,0,1,3,1,0.67,0.27,0.94,0.67,0.94,Matches,seriea,2024-2025
548bd0de,236,Gvidas Gineitis,lt LTU,MF,Torino,20,2004,30,15,1430,15.9,3,1,4,3,0,0,5,0,0.19,0.06,0.25,0.19,0.25,Matches,seriea,2024-2025
9f7c837d,237,Ben Godfrey,eng ENG,"DF,MF",Atalanta,26,1998,1,0,23,0.3,0,0,0,0,0,0,0,0,0.00,0.00,0.00,0.00,0.00,Matches,seriea,2024-2025
011d370e,238,Saba Goglichidze,ge GEO,DF,Empoli,20,2004,33,29,2539,28.2,0,1,1,0,0,0,3,1,0.00,0.04,0.04,0.00,0.04,Matches,seriea,2024-2025
4b029b31,239,Edoardo Goldaniga,it ITA,DF,Como,30,1993,32,28,2532,28.1,1,0,1,1,0,0,12,1,0.04,0.00,0.04,0.04,0.04,Matches,seriea,2024-2025
f0f7f62f,240,Pierluigi Gollini,it ITA,GK,Genoa,29,1995,7,7,630,7.0,0,0,0,0,0,0,1,0,0.00,0.00,0.00,0.00,0.00,Matches,seriea,2024-2025
2374aaca,241,Nicolás González,ar ARG,"MF,FW",Juventus,26,1998,26,23,1750,19.4,3,2,5,3,0,0,3,0,0.15,0.10,0.26,0.15,0.26,Matches,seriea,2024-2025
2d970560,242,Robin Gosens,de GER,"DF,MF",Fiorentina,30,1994,32,29,2521,28.0,5,5,10,5,0,0,6,0,0.18,0.18,0.36,0.18,0.36,Matches,seriea,2024-2025
3cd7820a,243,Lucas Gourna-Douath,fr FRA,MF,Roma,20,2003,6,2,229,2.5,0,0,0,0,0,0,2,0,0.00,0.00,0.00,0.00,0.00,Matches,seriea,2024-2025
6cc97b6a,244,Alberto Grassi,it ITA,MF,Empoli,29,1995,28,27,2203,24.5,1,0,1,1,0,0,8,0,0.04,0.00,0.04,0.04,0.04,Matches,seriea,2024-2025
5ea8ef20,245,Mattéo Guendouzi,fr FRA,MF,Lazio,25,1999,37,37,3270,36.3,1,3,4,1,0,0,7,0,0.03,0.08,0.11,0.03,0.11,Matches,seriea,2024-2025
5d8d7454,246,Frederic Guilbert,fr FRA,DF,Lecce,29,1994,31,31,2435,27.1,0,1,1,0,0,0,3,2,0.00,0.04,0.04,0.00,0.04,Matches,seriea,2024-2025
b79858d5,247,Albert Guðmundsson,is ISL,"FW,MF",Fiorentina,27,1997,24,16,1273,14.1,6,1,7,4,2,2,2,0,0.42,0.07,0.49,0.28,0.35,Matches,seriea,2024-2025
f9758dae,248,Emmanuel Gyasi,gh GHA,MF,Empoli,30,1994,37,37,3217,35.7,2,1,3,2,0,0,5,0,0.06,0.03,0.08,0.06,0.08,Matches,seriea,2024-2025
9250bcff,249,Christian Gytkjær,dk DEN,FW,Venezia,34,1990,29,6,754,8.4,2,1,3,1,1,1,0,0,0.24,0.12,0.36,0.12,0.24,Matches,seriea,2024-2025
fa449bba,250,Nicolas Haas,ch SUI,MF,Empoli,28,1996,10,2,287,3.2,0,0,0,0,0,0,1,0,0.00,0.00,0.00,0.00,0.00,Matches,seriea,2024-2025
,Rk,Player,Nation,Pos,Squad,Age,Born,MP,Starts,Min,90s,Gls,Ast,G+A,G-PK,PK,PKatt,CrdY,CrdR,Gls,Ast,G+A,G-PK,G+A-PK,Matches,seriea,2024-2025
7b12dccc,251,Saad El Haddad,ma MAR,MF,Venezia,19,2005,3,0,30,0.3,0,0,0,0,0,0,0,0,0.00,0.00,0.00,0.00,0.00,Matches,seriea,2024-2025
6503f220,252,Antoine Hainaut,fr FRA,"DF,MF",Parma,22,2002,25,10,1206,13.4,2,0,2,2,0,0,4,0,0.15,0.00,0.15,0.15,0.15,Matches,seriea,2024-2025
eb7dc619,253,Mohamed Haj,tn TUN,MF,Parma,19,2005,15,3,453,5.0,1,2,3,1,0,0,4,0,0.20,0.40,0.60,0.20,0.60,Matches,seriea,2024-2025
c8d7131c,254,Ridgeciano Haps,sr SUR,"MF,DF",Venezia,31,1993,25,14,1369,15.2,1,1,2,1,0,0,3,0,0.07,0.07,0.13,0.07,0.13,Matches,seriea,2024-2025
65fd099c,255,Abdou Harroui,nl NED,"MF,FW",Hellas Verona,26,1998,10,5,463,5.1,1,2,3,1,0,0,1,0,0.19,0.39,0.58,0.19,0.58,Matches,seriea,2024-2025
d7918b13,256,Liam Henderson,sct SCO,MF,Empoli,28,1996,36,27,2337,26.0,0,4,4,0,0,0,10,0,0.00,0.15,0.15,0.00,0.15,Matches,seriea,2024-2025
555f3a0b,257,Mario Hermoso,es ESP,DF,Roma,29,1995,8,2,251,2.8,0,0,0,0,0,0,2,1,0.00,0.00,0.00,0.00,0.00,Matches,seriea,2024-2025
d4c9725f,258,Theo Hernández,fr FRA,"DF,MF",Milan,26,1997,33,30,2696,30.0,4,3,7,4,0,1,4,1,0.13,0.10,0.23,0.13,0.23,Matches,seriea,2024-2025
6f5ead86,259,Hernani,br BRA,MF,Parma,30,1994,25,15,1327,14.7,3,3,6,0,3,3,7,0,0.20,0.20,0.41,0.00,0.20,Matches,seriea,2024-2025
12806697,260,Isak Hien,se SWE,DF,Atalanta,25,1999,30,27,2327,25.9,0,0,0,0,0,0,10,0,0.00,0.00,0.00,0.00,0.00,Matches,seriea,2024-2025
c2357b65,261,Emil Holm,se SWE,DF,Bologna,24,2000,21,12,1137,12.6,1,1,2,1,0,0,3,0,0.08,0.08,0.16,0.08,0.16,Matches,seriea,2024-2025
05d548d8,262,Mats Hummels,de GER,DF,Roma,35,1988,14,11,915,10.2,0,0,0,0,0,0,1,0,0.00,0.00,0.00,0.00,0.00,Matches,seriea,2024-2025
2f3452eb,263,Elseid Hysaj,al ALB,DF,Lazio,30,1994,11,4,424,4.7,0,3,3,0,0,0,2,1,0.00,0.64,0.64,0.00,0.64,Matches,seriea,2024-2025
f5c4fd91,264,Arijon Ibrahimović,de GER,MF,Lazio,18,2005,1,0,8,0.1,0,0,0,0,0,0,0,0,0.00,0.00,0.00,0.00,0.00,Matches,seriea,2024-2025
a54ef587,265,Jay Idzes,id IDN,DF,Venezia,24,2000,35,35,3127,34.7,1,0,1,1,0,0,5,0,0.03,0.00,0.03,0.03,0.03,Matches,seriea,2024-2025
42eaa028,266,Jonathan Ikone,fr FRA,"MF,FW",Como,26,1998,13,5,540,6.0,2,0,2,2,0,0,1,0,0.33,0.00,0.33,0.33,0.33,Matches,seriea,2024-2025
42eaa028,267,Jonathan Ikone,fr FRA,MF,Fiorentina,26,1998,14,1,334,3.7,0,0,0,0,0,0,0,0,0.00,0.00,0.00,0.00,0.00,Matches,seriea,2024-2025
bb376bed,268,Ivan Ilić,rs SRB,MF,Torino,23,2001,19,9,920,10.2,1,0,1,1,0,0,4,0,0.10,0.00,0.10,0.10,0.10,Matches,seriea,2024-2025
ba492306,269,Samuel Iling-Junior,eng ENG,MF,Bologna,20,2003,7,0,118,1.3,1,0,1,1,0,0,0,0,0.76,0.00,0.76,0.76,0.76,Matches,seriea,2024-2025
083d7173,270,Alessio Iovine,it ITA,DF,Como,33,1991,10,3,387,4.3,0,0,0,0,0,0,2,0,0.00,0.00,0.00,0.00,0.00,Matches,seriea,2024-2025
5715bb71,271,Gustav Isaksen,dk DEN,MF,Lazio,23,2001,37,29,2210,24.6,4,2,6,4,0,0,5,0,0.16,0.08,0.24,0.16,0.24,Matches,seriea,2024-2025
6b635f5c,272,Ardian Ismajli,al ALB,DF,Empoli,27,1996,29,29,2508,27.9,0,0,0,0,0,0,3,0,0.00,0.00,0.00,0.00,0.00,Matches,seriea,2024-2025
89976232,273,Armando Izzo,it ITA,DF,Monza,32,1992,30,28,2435,27.1,1,1,2,1,0,0,12,0,0.04,0.04,0.07,0.04,0.07,Matches,seriea,2024-2025
cace4967,274,Fellipe Jack,br BRA,DF,Como,18,2006,7,1,171,1.9,0,0,0,0,0,0,2,0,0.00,0.00,0.00,0.00,0.00,Matches,seriea,2024-2025
1a927a6f,275,Ali Jasim,iq IRQ,MF,Como,20,2004,2,0,10,0.1,0,0,0,0,0,0,0,0,0.00,0.00,0.00,0.00,0.00,Matches,seriea,2024-2025
,Rk,Player,Nation,Pos,Squad,Age,Born,MP,Starts,Min,90s,Gls,Ast,G+A,G-PK,PK,PKatt,CrdY,CrdR,Gls,Ast,G+A,G-PK,G+A-PK,Matches,seriea,2024-2025
5f130a19,276,Gaby Jean,fr FRA,DF,Lecce,24,2000,19,16,1388,15.4,0,0,0,0,0,0,0,0,0.00,0.00,0.00,0.00,0.00,Matches,seriea,2024-2025
79083382,277,Juan Jesus,br BRA,DF,Napoli,33,1991,15,12,1074,11.9,0,1,1,0,0,0,2,0,0.00,0.08,0.08,0.00,0.08,Matches,seriea,2024-2025
faa13947,278,Álex Jiménez,es ESP,"MF,DF",Milan,19,2005,22,14,1266,14.1,0,1,1,0,0,0,6,0,0.00,0.07,0.07,0.00,0.07,Matches,seriea,2024-2025
dc765618,279,Þórir Jóhann Helgason,is ISL,MF,Lecce,23,2000,21,13,1156,12.8,0,4,4,0,0,0,0,0,0.00,0.31,0.31,0.00,0.31,Matches,seriea,2024-2025
7f66ea09,280,Jesse Joronen,fi FIN,GK,Venezia,31,1993,8,7,703,7.8,0,0,0,0,0,0,0,0,0.00,0.00,0.00,0.00,0.00,Matches,seriea,2024-2025
4d8cd038,281,Luka Jović,rs SRB,FW,Milan,26,1997,15,6,557,6.2,2,0,2,2,0,0,1,0,0.32,0.00,0.32,0.32,0.32,Matches,seriea,2024-2025
517cfb19,282,Mohamed Kaba,fr FRA,MF,Lecce,22,2001,15,2,452,5.0,0,0,0,0,0,0,1,0,0.00,0.00,0.00,0.00,0.00,Matches,seriea,2024-2025
914ab9a1,283,Christian Kabasele,be BEL,DF,Udinese,33,1991,16,12,1161,12.9,2,0,2,2,0,0,0,0,0.16,0.00,0.16,0.16,0.16,Matches,seriea,2024-2025
85f7d1be,284,Pierre Kalulu,fr FRA,DF,Juventus,24,2000,29,25,2337,26.0,1,0,1,1,0,0,2,1,0.04,0.00,0.04,0.04,0.04,Matches,seriea,2024-2025
19a12bed,285,Hassane Kamara,ci CIV,"MF,DF",Udinese,30,1994,30,25,2001,22.2,1,4,5,1,0,0,8,1,0.04,0.18,0.22,0.04,0.22,Matches,seriea,2024-2025
8b66d9cc,286,Yann Karamoh,fr FRA,"MF,FW",Torino,26,1998,29,10,1046,11.6,0,1,1,0,0,0,2,0,0.00,0.09,0.09,0.00,0.09,Matches,seriea,2024-2025
7952d0c2,287,Jesper Karlsson,se SWE,"MF,FW",Bologna,26,1998,7,3,298,3.3,1,0,1,1,0,0,1,0,0.30,0.00,0.30,0.30,0.30,Matches,seriea,2024-2025
7952d0c2,288,Jesper Karlsson,se SWE,"MF,FW",Lecce,26,1998,13,6,495,5.5,1,0,1,0,1,1,2,0,0.18,0.00,0.18,0.00,0.00,Matches,seriea,2024-2025
e0a1f4eb,289,Jesper Karlström,se SWE,MF,Udinese,29,1995,37,36,3186,35.4,0,3,3,0,0,0,9,0,0.00,0.08,0.08,0.00,0.08,Matches,seriea,2024-2025
7987ef17,290,Lior Kasa,il ISR,MF,Genoa,18,2005,8,2,230,2.6,0,0,0,0,0,0,2,0,0.00,0.00,0.00,0.00,0.00,Matches,seriea,2024-2025
2a82aa85,291,Grigoris Kastanos,cy CYP,"MF,FW",Hellas Verona,26,1998,27,8,872,9.7,1,1,2,1,0,0,4,0,0.10,0.10,0.21,0.10,0.21,Matches,seriea,2024-2025
e19660a8,292,Michael Kayode,it ITA,DF,Fiorentina,20,2004,5,1,127,1.4,0,0,0,0,0,0,0,0,0.00,0.00,0.00,0.00,0.00,Matches,seriea,2024-2025
3d50bcdb,293,Moise Kean,it ITA,FW,Fiorentina,24,2000,32,31,2704,30.0,19,3,22,18,1,2,6,0,0.63,0.10,0.73,0.60,0.70,Matches,seriea,2024-2025
f5692b25,294,Mandela Keita,be BEL,MF,Parma,22,2002,30,24,1826,20.3,0,2,2,0,0,0,6,1,0.00,0.10,0.10,0.00,0.10,Matches,seriea,2024-2025
f31def1e,295,Lloyd Kelly,eng ENG,DF,Juventus,25,1998,12,11,1013,11.3,0,0,0,0,0,0,1,0,0.00,0.00,0.00,0.00,0.00,Matches,seriea,2024-2025
815c314f,296,Marc-Oliver Kempf,de GER,DF,Como,29,1995,31,30,2615,29.1,0,0,0,0,0,0,6,1,0.00,0.00,0.00,0.00,0.00,Matches,seriea,2024-2025
34e4dc3b,297,Kialonda,ao ANG,DF,Lecce,26,1997,24,24,2144,23.8,0,1,1,0,0,0,3,0,0.00,0.04,0.04,0.00,0.04,Matches,seriea,2024-2025
a4731ebc,298,Magnus Kofod Andersen,dk DEN,MF,Venezia,25,1999,14,7,695,7.7,1,1,2,1,0,0,1,0,0.13,0.13,0.26,0.13,0.26,Matches,seriea,2024-2025
3935e52e,299,Sead Kolašinac,ba BIH,DF,Atalanta,31,1993,23,23,1903,21.1,0,2,2,0,0,0,7,0,0.00,0.09,0.09,0.00,0.09,Matches,seriea,2024-2025
c0b3669f,300,Randal Kolo Muani,fr FRA,FW,Juventus,25,1998,16,13,1160,12.9,8,1,9,7,1,1,0,0,0.62,0.08,0.70,0.54,0.62,Matches,seriea,2024-2025
,Rk,Player,Nation,Pos,Squad,Age,Born,MP,Starts,Min,90s,Gls,Ast,G+A,G-PK,PK,PKatt,CrdY,CrdR,Gls,Ast,G+A,G-PK,G+A-PK,Matches,seriea,2024-2025
351ab035,301,Ismael Konate,it ITA,FW,Empoli,18,2006,12,0,116,1.3,0,1,1,0,0,0,0,0,0.00,0.78,0.78,0.00,0.78,Matches,seriea,2024-2025
86574238,302,Manu Koné,fr FRA,MF,Roma,23,2001,34,31,2572,28.6,2,1,3,2,0,0,6,0,0.07,0.03,0.10,0.07,0.10,Matches,seriea,2024-2025
a26fb8aa,303,Teun Koopmeiners,nl NED,MF,Juventus,26,1998,28,23,1994,22.2,3,3,6,3,0,0,3,0,0.14,0.14,0.27,0.14,0.27,Matches,seriea,2024-2025
1f3afdcb,304,Odilon Kossounou,ci CIV,DF,Atalanta,23,2001,18,12,1125,12.5,0,0,0,0,0,0,1,0,0.00,0.00,0.00,0.00,0.00,Matches,seriea,2024-2025
58e933d2,305,Christian Kouamé,ci CIV,"MF,FW",Fiorentina,26,1997,18,5,622,6.9,0,1,1,0,0,0,1,0,0.00,0.14,0.14,0.00,0.14,Matches,seriea,2024-2025
58e933d2,306,Christian Kouamé,ci CIV,"FW,MF",Empoli,26,1997,8,5,507,5.6,1,0,1,1,0,0,0,0,0.18,0.00,0.18,0.18,0.18,Matches,seriea,2024-2025
9d60028d,307,Viktor Kovalenko,ua UKR,MF,Empoli,28,1996,6,0,77,0.9,0,0,0,0,0,0,0,0,0.00,0.00,0.00,0.00,0.00,Matches,seriea,2024-2025
d2bb908c,308,Mateusz Kowalski,pl POL,MF,Parma,19,2005,1,1,56,0.6,0,0,0,0,0,0,0,0,0.00,0.00,0.00,0.00,0.00,Matches,seriea,2024-2025
fadf9a05,309,Thomas Kristensen,dk DEN,DF,Udinese,22,2002,24,19,1754,19.5,1,0,1,1,0,0,5,0,0.05,0.00,0.05,0.05,0.05,Matches,seriea,2024-2025
473803c9,310,Nikola Krstović,me MNE,FW,Lecce,24,2000,37,37,3057,34.0,11,5,16,9,2,3,6,0,0.32,0.15,0.47,0.26,0.41,Matches,seriea,2024-2025
dea88efd,311,Khvicha Kvaratskhelia,ge GEO,"FW,MF",Napoli,23,2001,17,15,1178,13.1,5,3,8,4,1,1,1,0,0.38,0.23,0.61,0.31,0.53,Matches,seriea,2024-2025
0a483542,312,Giorgos Kyriakopoulos,gr GRE,MF,Monza,28,1996,34,33,2845,31.6,2,4,6,2,0,0,5,0,0.06,0.13,0.19,0.06,0.19,Matches,seriea,2024-2025
0da3d7ab,313,Mathis Lambourde,fr FRA,FW,Hellas Verona,18,2006,7,0,89,1.0,1,0,1,1,0,0,1,0,1.01,0.00,1.01,1.01,1.01,Matches,seriea,2024-2025
2ead2809,314,Gianluca Lapadula,pe PER,FW,Cagliari,34,1990,12,1,310,3.4,0,0,0,0,0,0,1,0,0.00,0.00,0.00,0.00,0.00,Matches,seriea,2024-2025
016ff750,315,Valentino Lazaro,at AUT,MF,Torino,28,1996,33,26,2307,25.6,0,6,6,0,0,0,6,0,0.00,0.23,0.23,0.00,0.23,Matches,seriea,2024-2025
5128bde4,316,Darko Lazović,rs SRB,MF,Hellas Verona,33,1990,27,17,1459,16.2,2,3,5,1,1,1,0,0,0.12,0.19,0.31,0.06,0.25,Matches,seriea,2024-2025
02caf6e0,317,Manuel Lazzari,it ITA,DF,Lazio,30,1993,25,16,1406,15.6,0,1,1,0,0,0,3,0,0.00,0.06,0.06,0.00,0.06,Matches,seriea,2024-2025
6f806d99,318,Enzo Le Fée,fr FRA,MF,Roma,24,2000,6,4,318,3.5,0,0,0,0,0,0,1,0,0.00,0.00,0.00,0.00,0.00,Matches,seriea,2024-2025
5f9970a0,319,Nicola Leali,it ITA,GK,Genoa,31,1993,29,29,2610,29.0,0,0,0,0,0,0,1,0,0.00,0.00,0.00,0.00,0.00,Matches,seriea,2024-2025
20730eae,320,Rafael Leão,pt POR,"MF,FW",Milan,25,1999,34,25,2323,25.8,8,8,16,8,0,0,5,0,0.31,0.31,0.62,0.31,0.62,Matches,seriea,2024-2025
d633fd46,321,Stefan Lekovic,rs SRB,DF,Monza,20,2004,7,3,367,4.1,0,0,0,0,0,0,0,0,0.00,0.00,0.00,0.00,0.00,Matches,seriea,2024-2025
c149e8a6,322,Nunzio Lella,it ITA,MF,Venezia,24,2000,1,0,5,0.1,0,0,0,0,0,0,0,0,0.00,0.00,0.00,0.00,0.00,Matches,seriea,2024-2025
570888ce,323,Giovanni Leoni,it ITA,DF,Parma,17,2006,17,14,1199,13.3,1,0,1,1,0,0,3,1,0.08,0.00,0.08,0.08,0.08,Matches,seriea,2024-2025
7452c7a8,324,Ben Lhassine Kone,ci CIV,MF,Como,24,2000,4,0,51,0.6,0,0,0,0,0,0,1,0,0.00,0.00,0.00,0.00,0.00,Matches,seriea,2024-2025
775f4a87,325,Mattia Liberali,it ITA,MF,Milan,17,2007,1,1,61,0.7,0,0,0,0,0,0,0,0,0.00,0.00,0.00,0.00,0.00,Matches,seriea,2024-2025
,Rk,Player,Nation,Pos,Squad,Age,Born,MP,Starts,Min,90s,Gls,Ast,G+A,G-PK,PK,PKatt,CrdY,CrdR,Gls,Ast,G+A,G-PK,G+A-PK,Matches,seriea,2024-2025
d023d70f,326,Karol Linetty,pl POL,MF,Torino,29,1995,28,18,1540,17.1,1,0,1,1,0,0,6,0,0.06,0.00,0.06,0.06,0.06,Matches,seriea,2024-2025
c115db1e,327,Dailon Livramento,cv CPV,"MF,FW",Hellas Verona,23,2001,29,8,940,10.4,1,1,2,1,0,0,2,1,0.10,0.10,0.19,0.10,0.19,Matches,seriea,2024-2025
e1cbb531,328,Stanislav Lobotka,sk SVK,MF,Napoli,29,1994,32,31,2636,29.3,0,1,1,0,0,0,3,0,0.00,0.03,0.03,0.00,0.03,Matches,seriea,2024-2025
a8a874f1,329,Manuel Locatelli,it ITA,MF,Juventus,26,1998,36,34,2822,31.4,2,2,4,1,1,1,9,0,0.06,0.06,0.13,0.03,0.10,Matches,seriea,2024-2025
e97fd090,330,Ruben Loftus-Cheek,eng ENG,MF,Milan,28,1996,19,10,1037,11.5,0,0,0,0,0,0,3,0,0.00,0.00,0.00,0.00,0.00,Matches,seriea,2024-2025
7c104bb7,331,Ademola Lookman,ng NGA,"MF,FW",Atalanta,26,1997,31,28,2247,25.0,15,5,20,14,1,1,4,0,0.60,0.20,0.80,0.56,0.76,Matches,seriea,2024-2025
966eea58,332,Sandi Lovrić,si SVN,MF,Udinese,26,1998,36,31,2308,25.6,2,3,5,2,0,0,5,0,0.08,0.12,0.19,0.08,0.19,Matches,seriea,2024-2025
83c06f3a,333,Lorenzo Lucca,it ITA,FW,Udinese,23,2000,33,27,2353,26.1,12,1,13,11,1,1,10,0,0.46,0.04,0.50,0.42,0.46,Matches,seriea,2024-2025
80490d7f,334,Jhon Lucumí,co COL,DF,Bologna,26,1998,32,29,2614,29.0,0,1,1,0,0,0,8,1,0.00,0.03,0.03,0.00,0.03,Matches,seriea,2024-2025
921f6058,335,José Luis Palomino,ar ARG,DF,Cagliari,34,1990,18,10,1081,12.0,1,0,1,1,0,0,3,0,0.08,0.00,0.08,0.08,0.08,Matches,seriea,2024-2025
6f7d826d,336,Douglas Luiz,br BRA,MF,Juventus,26,1998,19,3,529,5.9,0,0,0,0,0,0,2,0,0.00,0.00,0.00,0.00,0.00,Matches,seriea,2024-2025
5eae500a,337,Romelu Lukaku,be BEL,FW,Napoli,31,1993,36,35,2843,31.6,14,10,24,11,3,4,4,0,0.44,0.32,0.76,0.35,0.66,Matches,seriea,2024-2025
997fff07,338,Sebastiano Luperto,it ITA,DF,Cagliari,27,1996,36,36,3240,36.0,1,3,4,1,0,0,4,0,0.03,0.08,0.11,0.03,0.11,Matches,seriea,2024-2025
b09e0873,339,Zito Luvumbo,ao ANG,"FW,MF",Cagliari,22,2002,26,19,1606,17.8,2,2,4,2,0,0,2,0,0.11,0.11,0.22,0.11,0.22,Matches,seriea,2024-2025
5efc5389,340,Babis Lykogiannis,gr GRE,DF,Bologna,30,1993,17,12,1048,11.6,0,4,4,0,0,0,3,0,0.00,0.34,0.34,0.00,0.34,Matches,seriea,2024-2025
f17aa65c,341,Mathias Løvik,no NOR,MF,Parma,20,2003,6,0,92,1.0,0,0,0,0,0,0,0,0,0.00,0.00,0.00,0.00,0.00,Matches,seriea,2024-2025
cce9f582,342,Giangiacomo Magnani,it ITA,DF,Hellas Verona,28,1995,17,11,1065,11.8,1,0,1,1,0,0,2,0,0.08,0.00,0.08,0.08,0.08,Matches,seriea,2024-2025
fcb38f57,343,Mike Maignan,fr FRA,GK,Milan,29,1995,37,37,3294,36.6,0,0,0,0,0,0,1,0,0.00,0.00,0.00,0.00,0.00,Matches,seriea,2024-2025
f37f3522,344,Antoine Makoumbou,cg CGO,MF,Cagliari,26,1998,33,27,2150,23.9,0,3,3,0,0,0,4,1,0.00,0.13,0.13,0.00,0.13,Matches,seriea,2024-2025
801831fe,345,Daniel Maldini,it ITA,"MF,FW",Monza,22,2001,20,16,1306,14.5,3,0,3,3,0,0,5,0,0.21,0.00,0.21,0.21,0.21,Matches,seriea,2024-2025
801831fe,346,Daniel Maldini,it ITA,MF,Atalanta,22,2001,10,2,258,2.9,3,0,3,3,0,0,0,0,1.05,0.00,1.05,1.05,1.05,Matches,seriea,2024-2025
4c8845f7,347,Youssef Maleh,ma MAR,MF,Empoli,25,1998,22,17,1510,16.8,0,1,1,0,0,0,5,1,0.00,0.06,0.06,0.00,0.06,Matches,seriea,2024-2025
48d5bd33,348,Ruslan Malinovskyi,ua UKR,MF,Genoa,31,1993,9,4,383,4.3,0,2,2,0,0,0,2,0,0.00,0.47,0.47,0.00,0.47,Matches,seriea,2024-2025
2079b3cc,349,Dennis Man,ro ROU,"MF,FW",Parma,25,1998,33,23,1995,22.2,4,4,8,4,0,0,0,0,0.18,0.18,0.36,0.18,0.36,Matches,seriea,2024-2025
5aa53281,350,Gianluca Mancini,it ITA,DF,Roma,28,1996,37,36,3143,34.9,2,0,2,2,0,0,8,0,0.06,0.00,0.06,0.06,0.06,Matches,seriea,2024-2025
,Rk,Player,Nation,Pos,Squad,Age,Born,MP,Starts,Min,90s,Gls,Ast,G+A,G-PK,PK,PKatt,CrdY,CrdR,Gls,Ast,G+A,G-PK,G+A-PK,Matches,seriea,2024-2025
f794e9ab,351,Christos Mandas,gr GRE,GK,Lazio,22,2001,9,9,810,9.0,0,0,0,0,0,0,0,0,0.00,0.00,0.00,0.00,0.00,Matches,seriea,2024-2025
c7259b83,352,Rolando Mandragora,it ITA,MF,Fiorentina,27,1997,29,22,1931,21.5,4,3,7,3,1,1,7,0,0.19,0.14,0.33,0.14,0.28,Matches,seriea,2024-2025
08cda374,353,Alberto Manzoni,it ITA,MF,Atalanta,19,2005,1,0,6,0.1,0,0,0,0,0,0,0,0,0.00,0.00,0.00,0.00,0.00,Matches,seriea,2024-2025
d3225ad1,354,Alessandro Marcandalli,it ITA,DF,Genoa,21,2002,2,1,46,0.5,0,0,0,0,0,0,0,0,0.00,0.00,0.00,0.00,0.00,Matches,seriea,2024-2025
d3225ad1,355,Alessandro Marcandalli,it ITA,DF,Venezia,21,2002,8,5,354,3.9,0,0,0,0,0,0,2,0,0.00,0.00,0.00,0.00,0.00,Matches,seriea,2024-2025
55a88fd9,356,Filip Marchwiński,pl POL,MF,Lecce,22,2002,1,0,15,0.2,0,0,0,0,0,0,0,0,0.00,0.00,0.00,0.00,0.00,Matches,seriea,2024-2025
aa54ec6f,357,Pablo Marí,es ESP,DF,Monza,30,1993,19,19,1628,18.1,0,0,0,0,0,0,4,1,0.00,0.00,0.00,0.00,0.00,Matches,seriea,2024-2025
aa54ec6f,358,Pablo Marí,es ESP,DF,Fiorentina,30,1993,13,12,1098,12.2,0,0,0,0,0,0,2,0,0.00,0.00,0.00,0.00,0.00,Matches,seriea,2024-2025
64e6778a,359,Luca Marianucci,it ITA,DF,Empoli,20,2004,18,12,1069,11.9,0,0,0,0,0,0,0,1,0.00,0.00,0.00,0.00,0.00,Matches,seriea,2024-2025
78338347,360,Mirko Marić,hr CRO,FW,Monza,29,1995,8,1,106,1.2,0,0,0,0,0,0,0,0,0.00,0.00,0.00,0.00,0.00,Matches,seriea,2024-2025
78338347,361,Mirko Marić,hr CRO,FW,Venezia,29,1995,10,4,356,4.0,0,0,0,0,0,0,0,0,0.00,0.00,0.00,0.00,0.00,Matches,seriea,2024-2025
3239a8ed,362,Rafa Marín,es ESP,DF,Napoli,22,2002,4,1,142,1.6,0,0,0,0,0,0,1,0,0.00,0.00,0.00,0.00,0.00,Matches,seriea,2024-2025
7fac99d4,363,Răzvan Marin,ro ROU,MF,Cagliari,28,1996,33,13,1406,15.6,3,2,5,1,2,2,4,0,0.19,0.13,0.32,0.06,0.19,Matches,seriea,2024-2025
d9764034,364,Guillermo Maripán,cl CHI,DF,Torino,30,1994,28,27,2340,26.0,1,1,2,1,0,0,4,1,0.04,0.04,0.08,0.04,0.08,Matches,seriea,2024-2025
2f3e911a,365,Aarón Martín,es ESP,"DF,MF",Genoa,27,1997,36,35,3085,34.3,0,8,8,0,0,0,5,0,0.00,0.23,0.23,0.00,0.23,Matches,seriea,2024-2025
11d8aff0,366,Josep Martinez,es ESP,GK,Inter,26,1998,5,5,450,5.0,0,0,0,0,0,0,0,0,0.00,0.00,0.00,0.00,0.00,Matches,seriea,2024-2025
f7036e1c,367,Lautaro Martínez,ar ARG,FW,Inter,26,1997,31,31,2564,28.5,12,3,15,12,0,0,1,0,0.42,0.11,0.53,0.42,0.53,Matches,seriea,2024-2025
3ec3c1c9,368,Lucas Martínez Quarta,ar ARG,DF,Fiorentina,28,1996,8,4,351,3.9,1,0,1,1,0,0,1,0,0.26,0.00,0.26,0.26,0.26,Matches,seriea,2024-2025
c1451401,369,Kevin Martins,it ITA,MF,Monza,19,2005,9,1,183,2.0,0,1,1,0,0,0,1,0,0.00,0.49,0.49,0.00,0.49,Matches,seriea,2024-2025
d4535821,370,Adam Marušić,me MNE,DF,Lazio,31,1992,35,26,2337,26.0,4,0,4,4,0,0,1,0,0.15,0.00,0.15,0.15,0.15,Matches,seriea,2024-2025
de0f152c,371,Adam Masina,ma MAR,DF,Torino,30,1994,28,20,1919,21.3,1,2,3,1,0,0,5,0,0.05,0.09,0.14,0.05,0.14,Matches,seriea,2024-2025
151354b8,372,Patrizio Masini,it ITA,MF,Genoa,23,2001,26,16,1538,17.1,1,0,1,1,0,0,3,0,0.06,0.00,0.06,0.06,0.06,Matches,seriea,2024-2025
547c0119,373,Alan Matturro,uy URU,DF,Genoa,19,2004,13,9,900,10.0,0,0,0,0,0,0,2,0,0.00,0.00,0.00,0.00,0.00,Matches,seriea,2024-2025
f93a544c,374,Andrea Mazza,it ITA,GK,Monza,20,2004,1,0,8,0.1,0,0,0,0,0,0,0,0,0.00,0.00,0.00,0.00,0.00,Matches,seriea,2024-2025
dc61b402,375,Luca Mazzitelli,it ITA,MF,Como,28,1995,11,3,335,3.7,1,1,2,1,0,0,1,0,0.27,0.27,0.54,0.27,0.54,Matches,seriea,2024-2025
,Rk,Player,Nation,Pos,Squad,Age,Born,MP,Starts,Min,90s,Gls,Ast,G+A,G-PK,PK,PKatt,CrdY,CrdR,Gls,Ast,G+A,G-PK,G+A-PK,Matches,seriea,2024-2025
eb0ec070,376,Pasquale Mazzocchi,it ITA,"MF,DF",Napoli,29,1995,20,7,702,7.8,0,0,0,0,0,0,3,0,0.00,0.00,0.00,0.00,0.00,Matches,seriea,2024-2025
3e25e70c,377,Samuel Mbangula,be BEL,MF,Juventus,20,2004,23,7,709,7.9,3,3,6,3,0,0,1,0,0.38,0.38,0.76,0.38,0.76,Matches,seriea,2024-2025
01c3aff5,378,Weston McKennie,us USA,"MF,DF",Juventus,25,1998,32,27,2310,25.7,2,4,6,2,0,0,3,0,0.08,0.16,0.23,0.08,0.23,Matches,seriea,2024-2025
d93c2511,379,Scott McTominay,sct SCO,MF,Napoli,27,1996,34,33,2938,32.6,12,4,16,12,0,0,3,0,0.37,0.12,0.49,0.37,0.49,Matches,seriea,2024-2025
6604165d,380,Filippo Melegoni,it ITA,MF,Genoa,25,1999,3,1,89,1.0,0,1,1,0,0,0,0,0,0.00,1.01,1.01,0.00,1.01,Matches,seriea,2024-2025
9413b19f,381,Alex Meret,it ITA,GK,Napoli,27,1997,34,34,3005,33.4,0,0,0,0,0,0,0,0,0.00,0.00,0.00,0.00,0.00,Matches,seriea,2024-2025
f49c4ae9,382,Junior Messias,br BRA,"MF,FW",Genoa,33,1991,17,8,847,9.4,1,1,2,1,0,1,1,0,0.11,0.11,0.21,0.11,0.21,Matches,seriea,2024-2025
81a4c239,383,Valentin Mihaila,ro ROU,"MF,FW",Parma,24,2000,21,16,1288,14.3,0,3,3,0,0,0,2,0,0.00,0.21,0.21,0.00,0.21,Matches,seriea,2024-2025
9fa26bc2,384,Vanja Milinković-Savić,rs SRB,GK,Torino,27,1997,37,37,3330,37.0,0,0,0,0,0,0,3,0,0.00,0.00,0.00,0.00,0.00,Matches,seriea,2024-2025
6d5701f2,385,Yerry Mina,co COL,DF,Cagliari,29,1994,31,31,2569,28.5,1,0,1,1,0,0,6,1,0.04,0.00,0.04,0.04,0.04,Matches,seriea,2024-2025
ead61f73,386,Juan Miranda,es ESP,DF,Bologna,24,2000,31,25,2277,25.3,0,6,6,0,0,0,4,1,0.00,0.24,0.24,0.00,0.24,Matches,seriea,2024-2025
34693494,387,Fabio Miretti,it ITA,MF,Genoa,20,2003,25,22,1677,18.6,3,3,6,3,0,0,2,0,0.16,0.16,0.32,0.16,0.32,Matches,seriea,2024-2025
dd0daf32,388,Henrikh Mkhitaryan,am ARM,MF,Inter,35,1989,32,30,2396,26.6,1,4,5,1,0,0,4,0,0.04,0.15,0.19,0.04,0.19,Matches,seriea,2024-2025
4f9c2d8c,389,Rui Modesto,ao ANG,MF,Udinese,24,1999,20,4,608,6.8,0,1,1,0,0,0,1,0,0.00,0.15,0.15,0.00,0.15,Matches,seriea,2024-2025
c1d95617,390,Lorenzo Montipò,it ITA,GK,Hellas Verona,28,1996,36,36,3240,36.0,0,0,0,0,0,0,0,0,0.00,0.00,0.00,0.00,0.00,Matches,seriea,2024-2025
129af0db,391,Álvaro Morata,es ESP,"FW,MF",Milan,31,1992,16,13,1099,12.2,5,0,5,5,0,0,5,0,0.41,0.00,0.41,0.41,0.41,Matches,seriea,2024-2025
11b9265b,392,Alberto Moreno,es ESP,DF,Como,32,1992,24,21,1727,19.2,0,0,0,0,0,0,4,0,0.00,0.00,0.00,0.00,0.00,Matches,seriea,2024-2025
4637e608,393,Matias Moreno,ar ARG,DF,Fiorentina,20,2003,4,2,144,1.6,0,0,0,0,0,0,0,0,0.00,0.00,0.00,0.00,0.00,Matches,seriea,2024-2025
004d185e,394,Tete Morente,es ESP,"MF,FW",Lecce,27,1996,31,23,2021,22.5,3,2,5,3,0,0,5,0,0.13,0.09,0.22,0.13,0.22,Matches,seriea,2024-2025
ff579c7e,395,Nikola Moro,hr CRO,MF,Bologna,26,1998,22,15,1208,13.4,0,2,2,0,0,0,1,0,0.00,0.15,0.15,0.00,0.15,Matches,seriea,2024-2025
091b9eb8,396,Daniel Mosquera,co COL,FW,Hellas Verona,24,1999,35,12,1375,15.3,5,1,6,5,0,0,4,0,0.33,0.07,0.39,0.33,0.39,Matches,seriea,2024-2025
efc9e31f,397,Dany Mota,pt POR,"MF,FW",Monza,26,1998,31,24,2104,23.4,5,2,7,5,0,0,3,0,0.21,0.09,0.30,0.21,0.30,Matches,seriea,2024-2025
b04364ed,398,Bob Murphy Omoregbe,it ITA,FW,Milan,20,2003,1,0,3,0.0,0,0,0,0,0,0,0,0,0.00,0.00,0.00,0.00,0.00,Matches,seriea,2024-2025
b51b1b9c,399,Yunus Musah,us USA,"MF,FW",Milan,21,2002,29,19,1571,17.5,0,2,2,0,0,0,5,0,0.00,0.11,0.11,0.00,0.11,Matches,seriea,2024-2025
a111cf41,400,Juan Musso,ar ARG,GK,Atalanta,30,1994,1,1,90,1.0,0,0,0,0,0,0,0,0,0.00,0.00,0.00,0.00,0.00,Matches,seriea,2024-2025
,Rk,Player,Nation,Pos,Squad,Age,Born,MP,Starts,Min,90s,Gls,Ast,G+A,G-PK,PK,PKatt,CrdY,CrdR,Gls,Ast,G+A,G-PK,G+A-PK,Matches,seriea,2024-2025
cbe32194,401,Kingstone Mutandwa,zm ZAM,FW,Cagliari,21,2003,6,0,127,1.4,0,0,0,0,0,0,0,0,0.00,0.00,0.00,0.00,0.00,Matches,seriea,2024-2025
441197b8,402,Obite N'Dicka,ci CIV,DF,Roma,24,1999,38,38,3420,38.0,0,1,1,0,0,0,2,0,0.00,0.03,0.03,0.00,0.03,Matches,seriea,2024-2025
17329380,403,Konan N'dri,ci CIV,MF,Lecce,23,2000,11,2,306,3.4,0,0,0,0,0,0,0,0,0.00,0.00,0.00,0.00,0.00,Matches,seriea,2024-2025
599d91d0,404,Michel Ndary Adopo,fr FRA,MF,Cagliari,24,2000,35,27,2409,26.8,1,1,2,1,0,0,5,1,0.04,0.04,0.07,0.04,0.07,Matches,seriea,2024-2025
3b88609d,405,Cher Ndour,it ITA,MF,Fiorentina,20,2004,9,4,406,4.5,0,0,0,0,0,0,1,0,0.00,0.00,0.00,0.00,0.00,Matches,seriea,2024-2025
8e697a8f,406,Dan Ndoye,ch SUI,"MF,FW",Bologna,23,2000,30,26,2143,23.8,8,4,12,6,2,2,4,0,0.34,0.17,0.50,0.25,0.42,Matches,seriea,2024-2025
e53b5534,407,Victor Nelsson,dk DEN,DF,Roma,25,1998,4,1,187,2.1,0,0,0,0,0,0,0,0,0.00,0.00,0.00,0.00,0.00,Matches,seriea,2024-2025
4f1e6a0b,408,David Neres,br BRA,FW,Napoli,27,1997,28,13,1283,14.3,2,4,6,2,0,0,1,0,0.14,0.28,0.42,0.14,0.42,Matches,seriea,2024-2025
2b8360f1,409,Cyril Ngonge,be BEL,FW,Napoli,24,2000,18,1,216,2.4,0,0,0,0,0,0,2,0,0.00,0.00,0.00,0.00,0.00,Matches,seriea,2024-2025
ff20acfe,410,Cheikh Niasse,sn SEN,MF,Hellas Verona,24,2000,11,8,755,8.4,0,0,0,0,0,0,4,0,0.00,0.00,0.00,0.00,0.00,Matches,seriea,2024-2025
b136c945,411,Hans Nicolussi Caviglia,it ITA,MF,Venezia,24,2000,35,33,2861,31.8,4,2,6,4,0,0,7,1,0.13,0.06,0.19,0.13,0.19,Matches,seriea,2024-2025
e97adead,412,Oliver Nielsen,dk DEN,DF,Lazio,21,2003,2,0,35,0.4,0,0,0,0,0,0,1,0,0.00,0.00,0.00,0.00,0.00,Matches,seriea,2024-2025
15918c9c,413,Alieu Njie,se SWE,FW,Torino,19,2005,16,0,394,4.4,1,0,1,1,0,0,1,0,0.23,0.00,0.23,0.23,0.23,Matches,seriea,2024-2025
54f5b2bd,414,Brooke Norton-Cuffy,eng ENG,"MF,DF",Genoa,20,2004,14,8,719,8.0,0,0,0,0,0,0,0,0,0.00,0.00,0.00,0.00,0.00,Matches,seriea,2024-2025
2f067cf2,415,Tijjani Noslin,nl NED,"MF,FW",Lazio,25,1999,30,8,861,9.6,2,2,4,2,0,0,2,0,0.21,0.21,0.42,0.21,0.42,Matches,seriea,2024-2025
aa25ce92,416,Adam Obert,sk SVK,"DF,MF",Cagliari,21,2002,21,13,1077,12.0,1,1,2,1,0,0,4,0,0.08,0.08,0.17,0.08,0.17,Matches,seriea,2024-2025
75374ee7,417,Jens Odgaard,dk DEN,MF,Bologna,25,1999,29,24,1952,21.7,6,1,7,6,0,0,1,0,0.28,0.05,0.32,0.28,0.32,Matches,seriea,2024-2025
ca607d59,418,Noah Okafor,ch SUI,"FW,MF",Milan,24,2000,11,5,414,4.6,1,0,1,1,0,0,0,0,0.22,0.00,0.22,0.22,0.22,Matches,seriea,2024-2025
ca607d59,419,Noah Okafor,ch SUI,"FW,MF",Napoli,24,2000,4,0,40,0.4,0,0,0,0,0,0,0,0,0.00,0.00,0.00,0.00,0.00,Matches,seriea,2024-2025
fa753b79,420,Yllan Okou,fr FRA,DF,Hellas Verona,21,2002,1,0,2,0.0,0,0,0,0,0,0,0,0,0.00,0.00,0.00,0.00,0.00,Matches,seriea,2024-2025
ab5c36dd,421,Maduka Okoye,ng NGA,GK,Udinese,24,1999,25,25,2250,25.0,0,0,0,0,0,0,1,0,0.00,0.00,0.00,0.00,0.00,Matches,seriea,2024-2025
41c12f75,422,Mathías Olivera,uy URU,DF,Napoli,26,1997,32,26,2370,26.3,0,2,2,0,0,0,4,0,0.00,0.08,0.08,0.00,0.08,Matches,seriea,2024-2025
b5bb8188,423,Jean Onana,cm CMR,MF,Genoa,24,2000,9,2,304,3.4,0,0,0,0,0,0,1,0,0.00,0.00,0.00,0.00,0.00,Matches,seriea,2024-2025
752e09ed,424,Jacob Ondrejka,se SWE,MF,Parma,21,2002,12,3,422,4.7,5,0,5,5,0,0,0,0,1.07,0.00,1.07,1.07,1.07,Matches,seriea,2024-2025
5cfc74fc,425,Gaetano Oristanio,it ITA,"FW,MF",Venezia,21,2002,37,29,2315,25.7,3,3,6,3,0,0,3,0,0.12,0.12,0.23,0.12,0.23,Matches,seriea,2024-2025
,Rk,Player,Nation,Pos,Squad,Age,Born,MP,Starts,Min,90s,Gls,Ast,G+A,G-PK,PK,PKatt,CrdY,CrdR,Gls,Ast,G+A,G-PK,G+A-PK,Matches,seriea,2024-2025
e14ec482,426,Riccardo Orsolini,it ITA,"MF,FW",Bologna,27,1997,30,23,1878,20.9,15,4,19,12,3,3,2,0,0.72,0.19,0.91,0.58,0.77,Matches,seriea,2024-2025
4d17df3e,427,Yordan Osorio,ve VEN,DF,Parma,30,1994,3,2,172,1.9,0,0,0,0,0,0,0,0,0.00,0.00,0.00,0.00,0.00,Matches,seriea,2024-2025
a214da59,428,Sebastian Otoa,dk DEN,DF,Genoa,20,2004,3,3,179,2.0,0,0,0,0,0,0,1,1,0.00,0.00,0.00,0.00,0.00,Matches,seriea,2024-2025
ea02beaf,429,Remi Oudin,fr FRA,MF,Lecce,27,1996,11,3,299,3.3,0,0,0,0,0,0,1,0,0.00,0.00,0.00,0.00,0.00,Matches,seriea,2024-2025
2f88752d,430,Cheick Oumar Conde,gn GUI,MF,Venezia,24,2000,9,1,151,1.7,0,0,0,0,0,0,2,0,0.00,0.00,0.00,0.00,0.00,Matches,seriea,2024-2025
c9866d69,431,Daniel Oyegoke,eng ENG,DF,Hellas Verona,21,2003,5,0,103,1.1,0,0,0,0,0,0,1,0,0.00,0.00,0.00,0.00,0.00,Matches,seriea,2024-2025
cf1c23d8,432,Daniele Padelli,it ITA,GK,Udinese,38,1985,1,1,90,1.0,0,0,0,0,0,0,0,0,0.00,0.00,0.00,0.00,0.00,Matches,seriea,2024-2025
8daee720,433,Simone Pafundi,it ITA,FW,Udinese,18,2006,9,0,116,1.3,0,0,0,0,0,0,0,0,0.00,0.00,0.00,0.00,0.00,Matches,seriea,2024-2025
404101f9,434,Tomás Palacios,ar ARG,DF,Monza,21,2003,8,5,446,5.0,0,0,0,0,0,0,2,0,0.00,0.00,0.00,0.00,0.00,Matches,seriea,2024-2025
404101f9,435,Tomás Palacios,ar ARG,DF,Inter,21,2003,2,0,11,0.1,0,0,0,0,0,0,0,0,0.00,0.00,0.00,0.00,0.00,Matches,seriea,2024-2025
94a3606c,436,Alberto Paleari,it ITA,GK,Torino,31,1992,1,1,90,1.0,0,0,0,0,0,0,0,0,0.00,0.00,0.00,0.00,0.00,Matches,seriea,2024-2025
1f1828dd,437,Marco Palestra,it ITA,MF,Atalanta,19,2005,9,2,222,2.5,0,0,0,0,0,0,0,0,0.00,0.00,0.00,0.00,0.00,Matches,seriea,2024-2025
cb2e6751,438,Matteo Palma,de GER,DF,Udinese,16,2008,1,0,5,0.1,0,0,0,0,0,0,0,0,0.00,0.00,0.00,0.00,0.00,Matches,seriea,2024-2025
dff153a4,439,Leandro Paredes,ar ARG,MF,Roma,30,1994,22,15,1373,15.3,3,1,4,1,2,2,4,0,0.20,0.07,0.26,0.07,0.13,Matches,seriea,2024-2025
0967845b,440,Fabiano Parisi,it ITA,"MF,DF",Fiorentina,23,2000,26,11,1124,12.5,2,0,2,2,0,0,3,0,0.16,0.00,0.16,0.16,0.16,Matches,seriea,2024-2025
e599253a,441,Mario Pašalić,hr CRO,MF,Atalanta,29,1995,34,23,1967,21.9,3,4,7,3,0,1,1,0,0.14,0.18,0.32,0.14,0.32,Matches,seriea,2024-2025
f7223718,442,Patric,es ESP,DF,Lazio,31,1993,10,5,607,6.7,1,0,1,1,0,0,2,0,0.15,0.00,0.15,0.15,0.15,Matches,seriea,2024-2025
79b0d6a0,443,Rui Patrício,pt POR,GK,Atalanta,36,1988,3,3,270,3.0,0,0,0,0,0,0,0,0,0.00,0.00,0.00,0.00,0.00,Matches,seriea,2024-2025
45a03961,444,Benjamin Pavard,fr FRA,DF,Inter,28,1996,23,18,1584,17.6,0,1,1,0,0,0,4,0,0.00,0.06,0.06,0.00,0.06,Matches,seriea,2024-2025
25146df0,445,Strahinja Pavlović,rs SRB,DF,Milan,23,2001,24,21,1864,20.7,2,1,3,2,0,0,3,1,0.10,0.05,0.14,0.10,0.14,Matches,seriea,2024-2025
d37b0350,446,Leonardo Pavoletti,it ITA,FW,Cagliari,35,1988,26,1,445,4.9,2,0,2,2,0,0,5,0,0.40,0.00,0.40,0.40,0.40,Matches,seriea,2024-2025
bdbff2b5,447,Martín Payero,ar ARG,MF,Udinese,25,1998,25,16,1381,15.3,1,1,2,1,0,0,5,0,0.07,0.07,0.13,0.07,0.13,Matches,seriea,2024-2025
01bb93d5,448,Nicolás Paz,ar ARG,"MF,FW",Como,19,2004,35,30,2687,29.9,6,8,14,6,0,1,6,0,0.20,0.27,0.47,0.20,0.47,Matches,seriea,2024-2025
596cc50e,449,Marcus Pedersen,no NOR,"MF,DF",Torino,24,2000,29,15,1362,15.1,0,0,0,0,0,0,3,0,0.00,0.00,0.00,0.00,0.00,Matches,seriea,2024-2025
3ca7254a,450,Pedro,es ESP,"MF,FW",Lazio,37,1987,30,6,1102,12.2,10,1,11,8,2,2,2,0,0.82,0.08,0.90,0.65,0.74,Matches,seriea,2024-2025
,Rk,Player,Nation,Pos,Squad,Age,Born,MP,Starts,Min,90s,Gls,Ast,G+A,G-PK,PK,PKatt,CrdY,CrdR,Gls,Ast,G+A,G-PK,G+A-PK,Matches,seriea,2024-2025
a44d3a3c,451,Pietro Pellegri,it ITA,FW,Empoli,23,2001,11,5,414,4.6,3,0,3,3,0,0,2,0,0.65,0.00,0.65,0.65,0.65,Matches,seriea,2024-2025
4a5a45c7,452,Lorenzo Pellegrini,it ITA,MF,Roma,28,1996,25,20,1626,18.1,2,1,3,1,1,1,4,0,0.11,0.06,0.17,0.06,0.11,Matches,seriea,2024-2025
3b61c9ec,453,Luca Pellegrini,it ITA,DF,Lazio,25,1999,22,10,1067,11.9,0,4,4,0,0,0,5,0,0.00,0.34,0.34,0.00,0.34,Matches,seriea,2024-2025
8c9e96c5,454,Mateo Pellegrino,ar ARG,FW,Parma,23,2001,13,8,737,8.2,3,1,4,3,0,0,2,0,0.37,0.12,0.49,0.37,0.49,Matches,seriea,2024-2025
f18d7ab2,455,Andy Pelmard,mg MAD,DF,Lecce,24,2000,3,1,129,1.4,0,0,0,0,0,0,1,0,0.00,0.00,0.00,0.00,0.00,Matches,seriea,2024-2025
21929f91,456,Sergiu Perciun,md MDA,MF,Torino,18,2006,5,0,152,1.7,0,0,0,0,0,0,0,0,0.00,0.00,0.00,0.00,0.00,Matches,seriea,2024-2025
c77be0cf,457,Pedro Pereira,pt POR,"MF,DF",Monza,26,1998,35,32,2665,29.6,1,3,4,1,0,0,10,0,0.03,0.10,0.14,0.03,0.14,Matches,seriea,2024-2025
7ec7738e,458,Gastón Pereiro,uy URU,"FW,MF",Genoa,29,1995,2,0,31,0.3,0,0,0,0,0,0,0,0,0.00,0.00,0.00,0.00,0.00,Matches,seriea,2024-2025
237a3851,459,Kike Pérez,es ESP,MF,Venezia,27,1997,16,13,1114,12.4,1,0,1,1,0,0,4,0,0.08,0.00,0.08,0.08,0.08,Matches,seriea,2024-2025
f7c491f1,460,Nehuén Pérez,ar ARG,DF,Udinese,24,2000,2,2,180,2.0,0,0,0,0,0,0,0,0,0.00,0.00,0.00,0.00,0.00,Matches,seriea,2024-2025
b9e11c1d,461,Simone Perilli,it ITA,GK,Hellas Verona,29,1995,2,2,180,2.0,0,0,0,0,0,0,0,0,0.00,0.00,0.00,0.00,0.00,Matches,seriea,2024-2025
4c62d0c8,462,Mattia Perin,it ITA,GK,Juventus,31,1992,5,5,450,5.0,0,0,0,0,0,0,0,0,0.00,0.00,0.00,0.00,0.00,Matches,seriea,2024-2025
53552942,463,Máximo Perrone,ar ARG,MF,Como,21,2003,26,20,1857,20.6,0,3,3,0,0,0,6,0,0.00,0.15,0.15,0.00,0.15,Matches,seriea,2024-2025
780e3631,464,Matteo Pessina,it ITA,MF,Monza,27,1997,11,10,854,9.5,0,0,0,0,0,0,2,0,0.00,0.00,0.00,0.00,0.00,Matches,seriea,2024-2025
03f946ed,465,Andrea Petagna,it ITA,FW,Monza,29,1995,13,2,335,3.7,0,0,0,0,0,0,1,0,0.00,0.00,0.00,0.00,0.00,Matches,seriea,2024-2025
149c5f5d,466,Giuseppe Pezzella,it ITA,MF,Empoli,26,1997,35,34,2878,32.0,0,3,3,0,0,0,7,0,0.00,0.09,0.09,0.00,0.09,Matches,seriea,2024-2025
1cadaf34,467,Roberto Piccoli,it ITA,FW,Cagliari,23,2001,37,37,3127,34.7,10,1,11,9,1,1,6,0,0.29,0.03,0.32,0.26,0.29,Matches,seriea,2024-2025
7cc89a5f,468,Nicholas Pierini,it ITA,"FW,MF",Venezia,25,1998,2,0,83,0.9,0,0,0,0,0,0,0,0,0.00,0.00,0.00,0.00,0.00,Matches,seriea,2024-2025
ec315772,469,Santiago Pierotti,ar ARG,"MF,FW",Lecce,23,2001,36,22,1937,21.5,4,2,6,4,0,0,6,1,0.19,0.09,0.28,0.19,0.28,Matches,seriea,2024-2025
c269463b,470,Balthazar Pierret,fr FRA,MF,Lecce,24,2000,30,21,1723,19.1,0,0,0,0,0,0,2,0,0.00,0.00,0.00,0.00,0.00,Matches,seriea,2024-2025
08aa9cd1,471,Andrea Pinamonti,it ITA,FW,Genoa,25,1999,36,33,2850,31.7,10,1,11,10,0,1,4,0,0.32,0.03,0.35,0.32,0.35,Matches,seriea,2024-2025
8d1a4c36,472,Nicola Pintus,it ITA,DF,Cagliari,19,2005,1,0,4,0.0,0,0,0,0,0,0,0,0,0.00,0.00,0.00,0.00,0.00,Matches,seriea,2024-2025
c84dcc88,473,Niccolò Pisilli,it ITA,MF,Roma,19,2004,28,11,1227,13.6,2,1,3,2,0,0,7,0,0.15,0.07,0.22,0.15,0.22,Matches,seriea,2024-2025
464e03ef,474,Damián Pizarro,cl CHI,FW,Udinese,19,2005,2,0,16,0.2,0,0,0,0,0,0,0,0,0.00,0.00,0.00,0.00,0.00,Matches,seriea,2024-2025
4f537cf7,475,Semuel Pizzignacco,it ITA,GK,Monza,22,2001,9,8,736,8.2,0,0,0,0,0,0,0,0,0.00,0.00,0.00,0.00,0.00,Matches,seriea,2024-2025
,Rk,Player,Nation,Pos,Squad,Age,Born,MP,Starts,Min,90s,Gls,Ast,G+A,G-PK,PK,PKatt,CrdY,CrdR,Gls,Ast,G+A,G-PK,G+A-PK,Matches,seriea,2024-2025
55a1cac2,476,Tommaso Pobega,it ITA,MF,Bologna,25,1999,21,13,1178,13.1,2,2,4,2,0,0,6,2,0.15,0.15,0.31,0.15,0.31,Matches,seriea,2024-2025
ea003d07,477,Joel Pohjanpalo,fi FIN,FW,Venezia,29,1994,20,19,1603,17.8,6,0,6,3,3,4,1,0,0.34,0.00,0.34,0.17,0.17,Matches,seriea,2024-2025
5e861944,478,Matteo Politano,it ITA,"FW,MF",Napoli,30,1993,37,34,2804,31.2,3,4,7,3,0,0,3,0,0.10,0.13,0.22,0.10,0.22,Matches,seriea,2024-2025
2a6cd437,479,Marin Pongračić,hr CRO,DF,Fiorentina,26,1997,20,14,1367,15.2,0,0,0,0,0,0,3,1,0.00,0.00,0.00,0.00,0.00,Matches,seriea,2024-2025
7f609bfc,480,Stefan Posch,at AUT,DF,Bologna,27,1997,14,7,714,7.9,0,0,0,0,0,0,1,0,0.00,0.00,0.00,0.00,0.00,Matches,seriea,2024-2025
7f609bfc,481,Stefan Posch,at AUT,DF,Atalanta,27,1997,5,4,387,4.3,0,0,0,0,0,0,0,0,0.00,0.00,0.00,0.00,0.00,Matches,seriea,2024-2025
d8363914,482,Matteo Prati,it ITA,MF,Cagliari,20,2003,12,8,570,6.3,0,0,0,0,0,0,1,0,0.00,0.00,0.00,0.00,0.00,Matches,seriea,2024-2025
277da414,483,Ivan Provedel,it ITA,GK,Lazio,30,1994,29,29,2610,29.0,0,0,0,0,0,0,0,0,0.00,0.00,0.00,0.00,0.00,Matches,seriea,2024-2025
e4b616dc,484,Diego Pugno,it ITA,DF,Juventus,18,2006,1,0,7,0.1,0,0,0,0,0,0,0,0,0.00,0.00,0.00,0.00,0.00,Matches,seriea,2024-2025
1bf33a9a,485,Christian Pulisic,us USA,"MF,FW",Milan,25,1998,34,29,2478,27.5,11,9,20,8,3,4,1,0,0.40,0.33,0.73,0.29,0.62,Matches,seriea,2024-2025
67f649be,486,Ionuț Radu,ro ROU,GK,Venezia,27,1997,15,15,1350,15.0,0,0,0,0,0,0,1,0,0.00,0.00,0.00,0.00,0.00,Matches,seriea,2024-2025
6b587d3d,487,Hamza Rafia,tn TUN,MF,Lecce,25,1999,18,14,1058,11.8,0,0,0,0,0,0,4,0,0.00,0.00,0.00,0.00,0.00,Matches,seriea,2024-2025
ce1a6c7e,488,Antonio Raimondo,it ITA,FW,Venezia,20,2004,9,0,94,1.0,0,0,0,0,0,0,0,0,0.00,0.00,0.00,0.00,0.00,Matches,seriea,2024-2025
ef3c876b,489,Ylber Ramadani,al ALB,MF,Lecce,28,1996,29,21,1807,20.1,1,1,2,1,0,0,4,0,0.05,0.05,0.10,0.05,0.10,Matches,seriea,2024-2025
8c63fae5,490,Luca Ranieri,it ITA,DF,Fiorentina,25,1999,36,35,3071,34.1,1,3,4,1,0,0,7,0,0.03,0.09,0.12,0.03,0.12,Matches,seriea,2024-2025
6e058f06,491,Giacomo Raspadori,it ITA,"FW,MF",Napoli,24,2000,26,11,1103,12.3,6,1,7,6,0,0,1,0,0.49,0.08,0.57,0.49,0.57,Matches,seriea,2024-2025
6662d731,492,Federico Ravaglia,it ITA,GK,Bologna,24,1999,12,11,1056,11.7,0,0,0,0,0,0,0,0,0.00,0.00,0.00,0.00,0.00,Matches,seriea,2024-2025
536cebe5,493,Ante Rebić,hr CRO,"FW,MF",Lecce,30,1993,27,7,788,8.8,1,0,1,1,0,0,3,2,0.11,0.00,0.11,0.11,0.11,Matches,seriea,2024-2025
afb61630,494,Tijjani Reijnders,nl NED,MF,Milan,26,1998,37,36,3128,34.8,10,4,14,10,0,0,2,1,0.29,0.12,0.40,0.29,0.40,Matches,seriea,2024-2025
e358587b,495,Pepe Reina,es ESP,GK,Como,41,1982,12,12,1034,11.5,0,0,0,0,0,0,0,1,0.00,0.00,0.00,0.00,0.00,Matches,seriea,2024-2025
c5cbbcff,496,Devyne Rensch,nl NED,"MF,DF",Roma,21,2003,14,5,469,5.2,0,1,1,0,0,0,0,0,0.00,0.19,0.19,0.00,0.19,Matches,seriea,2024-2025
e7695e6c,497,Mateo Retegui,it ITA,FW,Atalanta,25,1999,36,32,2383,26.5,25,8,33,21,4,5,3,0,0.94,0.30,1.25,0.79,1.10,Matches,seriea,2024-2025
9823be92,498,Samuele Ricci,it ITA,MF,Torino,22,2001,34,34,2825,31.4,1,1,2,1,0,0,8,1,0.03,0.03,0.06,0.03,0.06,Matches,seriea,2024-2025
2b7cdb79,499,Amir Richardson,ma MAR,MF,Fiorentina,22,2002,27,10,1099,12.2,1,1,2,1,0,0,6,0,0.08,0.08,0.16,0.08,0.16,Matches,seriea,2024-2025
335fa267,500,Sergi Roberto,es ESP,MF,Como,32,1992,13,8,696,7.7,0,1,1,0,0,0,4,0,0.00,0.13,0.13,0.00,0.13,Matches,seriea,2024-2025
,Rk,Player,Nation,Pos,Squad,Age,Born,MP,Starts,Min,90s,Gls,Ast,G+A,G-PK,PK,PKatt,CrdY,CrdR,Gls,Ast,G+A,G-PK,G+A-PK,Matches,seriea,2024-2025
3ead85f9,501,Alessio Romagnoli,it ITA,DF,Lazio,29,1995,32,31,2672,29.7,2,0,2,2,0,0,4,2,0.07,0.00,0.07,0.07,0.07,Matches,seriea,2024-2025
2a1beb34,502,Marten de Roon,nl NED,"MF,DF",Atalanta,33,1991,36,34,3058,34.0,4,4,8,4,0,0,5,0,0.12,0.12,0.24,0.12,0.24,Matches,seriea,2024-2025
31908a0a,503,Jonas Rouhi,se SWE,DF,Juventus,20,2004,5,1,210,2.3,0,0,0,0,0,0,0,0,0.00,0.00,0.00,0.00,0.00,Matches,seriea,2024-2025
e58cbfd5,504,Nicolò Rovella,it ITA,MF,Lazio,22,2001,33,31,2718,30.2,0,3,3,0,0,0,13,0,0.00,0.10,0.10,0.00,0.10,Matches,seriea,2024-2025
4b3e1a38,505,Amir Rrahmani,xk KVX,DF,Napoli,30,1994,38,38,3406,37.8,1,3,4,1,0,0,2,0,0.03,0.08,0.11,0.03,0.11,Matches,seriea,2024-2025
cf5bf6c7,506,Tommaso Rubino,it ITA,FW,Fiorentina,17,2006,1,0,8,0.1,0,0,0,0,0,0,0,0,0.00,0.00,0.00,0.00,0.00,Matches,seriea,2024-2025
ae9898c5,507,Matteo Ruggeri,it ITA,"MF,DF",Atalanta,22,2002,30,19,1751,19.5,0,3,3,0,0,0,2,0,0.00,0.15,0.15,0.00,0.15,Matches,seriea,2024-2025
0ccac09c,508,Stefano Sabelli,it ITA,"DF,MF",Genoa,31,1993,34,23,2058,22.9,0,2,2,0,0,0,3,0,0.00,0.09,0.09,0.00,0.09,Matches,seriea,2024-2025
ee251371,509,Alexis Saelemaekers,be BEL,"MF,FW",Roma,25,1999,22,17,1389,15.4,7,3,10,7,0,0,4,0,0.45,0.19,0.65,0.45,0.65,Matches,seriea,2024-2025
ee251371,510,Alexis Saelemaekers,be BEL,DF,Milan,25,1999,1,1,90,1.0,0,0,0,0,0,0,0,0,0.00,0.00,0.00,0.00,0.00,Matches,seriea,2024-2025
3e3190f1,511,Richie Sagrado,be BEL,"MF,DF",Venezia,20,2004,3,3,140,1.6,0,0,0,0,0,0,1,0,0.00,0.00,0.00,0.00,0.00,Matches,seriea,2024-2025
0c57be8b,512,Marco Sala,it ITA,DF,Como,25,1999,8,3,261,2.9,0,0,0,0,0,0,3,0,0.00,0.00,0.00,0.00,0.00,Matches,seriea,2024-2025
0c57be8b,513,Marco Sala,it ITA,"DF,MF",Lecce,25,1999,2,0,72,0.8,0,0,0,0,0,0,0,0,0.00,0.00,0.00,0.00,0.00,Matches,seriea,2024-2025
0d274394,514,Anass Salah-Eddine,ma MAR,MF,Roma,22,2002,3,2,152,1.7,0,1,1,0,0,0,0,0,0.00,0.59,0.59,0.00,0.59,Matches,seriea,2024-2025
217c93a1,515,Lazar Samardzic,rs SRB,MF,Atalanta,22,2002,31,7,1169,13.0,2,1,3,2,0,0,3,0,0.15,0.08,0.23,0.15,0.23,Matches,seriea,2024-2025
24eb7ed6,516,Junior Sambia,fr FRA,MF,Empoli,27,1996,17,2,387,4.3,0,0,0,0,0,0,0,0,0.00,0.00,0.00,0.00,0.00,Matches,seriea,2024-2025
0a447501,517,Antonio Sanabria,py PAR,FW,Torino,28,1996,26,16,1318,14.6,2,1,3,2,0,1,2,0,0.14,0.07,0.20,0.14,0.20,Matches,seriea,2024-2025
2c0f8e9e,518,Alexis Sánchez,cl CHI,FW,Udinese,35,1988,13,6,437,4.9,0,0,0,0,0,0,0,0,0.00,0.00,0.00,0.00,0.00,Matches,seriea,2024-2025
7eb97a8e,519,Nicola Sansone,it ITA,"FW,MF",Lecce,32,1991,5,0,65,0.7,0,0,0,0,0,0,1,0,0.00,0.00,0.00,0.00,0.00,Matches,seriea,2024-2025
d5326924,520,Amin Sarr,se SWE,FW,Hellas Verona,23,2001,32,25,1907,21.2,4,1,5,4,0,0,1,0,0.19,0.05,0.24,0.19,0.24,Matches,seriea,2024-2025
41efbd34,521,Razvan Sava,ro ROU,GK,Udinese,22,2002,12,12,1080,12.0,0,0,0,0,0,0,1,0,0.00,0.00,0.00,0.00,0.00,Matches,seriea,2024-2025
e041497d,522,Nicolò Savona,it ITA,DF,Juventus,21,2003,28,19,1724,19.2,2,1,3,2,0,0,5,0,0.10,0.05,0.16,0.10,0.16,Matches,seriea,2024-2025
645dffbf,523,Saba Sazonov,ge GEO,DF,Torino,22,2002,1,0,3,0.0,0,0,0,0,0,0,0,0,0.00,0.00,0.00,0.00,0.00,Matches,seriea,2024-2025
1e9aa637,524,Giorgio Scalvini,it ITA,DF,Atalanta,20,2003,6,4,272,3.0,0,0,0,0,0,0,2,0,0.00,0.00,0.00,0.00,0.00,Matches,seriea,2024-2025
8790f988,525,Gianluca Scamacca,it ITA,FW,Atalanta,25,1999,1,0,6,0.1,0,0,0,0,0,0,0,0,0.00,0.00,0.00,0.00,0.00,Matches,seriea,2024-2025
,Rk,Player,Nation,Pos,Squad,Age,Born,MP,Starts,Min,90s,Gls,Ast,G+A,G-PK,PK,PKatt,CrdY,CrdR,Gls,Ast,G+A,G-PK,G+A-PK,Matches,seriea,2024-2025
35a4790e,526,Joël Schingtienne,be BEL,DF,Venezia,21,2002,16,12,1122,12.5,0,0,0,0,0,0,2,0,0.00,0.00,0.00,0.00,0.00,Matches,seriea,2024-2025
41bd99ea,527,Simone Scuffet,it ITA,GK,Cagliari,28,1996,13,13,1170,13.0,0,0,0,0,0,0,0,0,0.00,0.00,0.00,0.00,0.00,Matches,seriea,2024-2025
41bd99ea,528,Simone Scuffet,it ITA,GK,Napoli,28,1996,1,1,90,1.0,0,0,0,0,0,0,0,0,0.00,0.00,0.00,0.00,0.00,Matches,seriea,2024-2025
70a10677,529,Jacopo Seghetti,it ITA,GK,Empoli,19,2005,1,1,90,1.0,0,0,0,0,0,0,0,0,0.00,0.00,0.00,0.00,0.00,Matches,seriea,2024-2025
b70bde8f,530,Stefano Sensi,it ITA,MF,Monza,28,1995,12,2,274,3.0,1,0,1,0,1,1,0,0,0.33,0.00,0.33,0.00,0.00,Matches,seriea,2024-2025
b3325a30,531,Suat Serdar,de GER,MF,Hellas Verona,27,1997,22,16,1376,15.3,2,1,3,2,0,0,4,1,0.13,0.07,0.20,0.13,0.20,Matches,seriea,2024-2025
d3aaad90,532,Stephan El Shaarawy,it ITA,"MF,FW",Roma,31,1992,31,12,1098,12.2,3,4,7,3,0,0,2,0,0.25,0.33,0.57,0.25,0.57,Matches,seriea,2024-2025
eebf35b6,533,Alen Sherri,al ALB,GK,Cagliari,26,1997,7,7,621,6.9,0,0,0,0,0,0,0,0,0.00,0.00,0.00,0.00,0.00,Matches,seriea,2024-2025
57469b2d,534,Eldor Shomurodov,uz UZB,FW,Roma,29,1995,27,11,1097,12.2,4,4,8,4,0,0,1,0,0.33,0.33,0.66,0.33,0.66,Matches,seriea,2024-2025
46912ffe,535,Benjamin Siegrist,ch SUI,GK,Genoa,32,1992,2,2,152,1.7,0,0,0,0,0,0,0,0,0.00,0.00,0.00,0.00,0.00,Matches,seriea,2024-2025
0d422df7,536,Marco Silvestri,it ITA,GK,Empoli,33,1991,5,5,450,5.0,0,0,0,0,0,0,0,0,0.00,0.00,0.00,0.00,0.00,Matches,seriea,2024-2025
343c0d52,537,Giovanni Simeone,ar ARG,FW,Napoli,29,1995,30,1,419,4.7,1,1,2,1,0,0,1,0,0.21,0.21,0.43,0.21,0.43,Matches,seriea,2024-2025
ab4449d6,538,Łukasz Skorupski,pl POL,GK,Bologna,33,1991,27,27,2364,26.3,0,0,0,0,0,0,1,0,0.00,0.00,0.00,0.00,0.00,Matches,seriea,2024-2025
08e57960,539,Ivan Smolčić,hr CRO,DF,Como,23,2000,9,7,630,7.0,0,0,0,0,0,0,2,0,0.00,0.00,0.00,0.00,0.00,Matches,seriea,2024-2025
a5f458d9,540,Simon Sohm,ch SUI,MF,Parma,23,2001,37,36,2989,33.2,4,0,4,4,0,0,6,0,0.12,0.00,0.12,0.12,0.12,Matches,seriea,2024-2025
78f13530,541,Ola Solbakken,no NOR,"MF,FW",Empoli,25,1998,21,8,760,8.4,0,0,0,0,0,0,2,0,0.00,0.00,0.00,0.00,0.00,Matches,seriea,2024-2025
0670ee51,542,Oumar Solet,fr FRA,DF,Udinese,24,2000,19,19,1672,18.6,1,2,3,1,0,0,3,1,0.05,0.11,0.16,0.05,0.16,Matches,seriea,2024-2025
a8e7f7e9,543,Daniele Sommariva,it ITA,GK,Genoa,27,1997,1,0,28,0.3,0,0,0,0,0,0,0,0,0.00,0.00,0.00,0.00,0.00,Matches,seriea,2024-2025
420c18a1,544,Yann Sommer,ch SUI,GK,Inter,35,1988,33,33,2970,33.0,0,0,0,0,0,0,0,0,0.00,0.00,0.00,0.00,0.00,Matches,seriea,2024-2025
af0d79a9,545,Borna Sosa,hr CRO,"MF,DF",Torino,26,1998,19,14,1181,13.1,0,0,0,0,0,0,0,0,0.00,0.00,0.00,0.00,0.00,Matches,seriea,2024-2025
94816803,546,Riccardo Sottil,it ITA,MF,Fiorentina,25,1999,18,8,833,9.3,1,1,2,1,0,0,1,0,0.11,0.11,0.22,0.11,0.22,Matches,seriea,2024-2025
94816803,547,Riccardo Sottil,it ITA,MF,Milan,25,1999,6,1,123,1.4,0,0,0,0,0,0,0,0,0.00,0.00,0.00,0.00,0.00,Matches,seriea,2024-2025
c13ddd3e,548,Matìas Soulé,ar ARG,MF,Roma,21,2003,27,22,1781,19.8,5,5,10,5,0,0,3,0,0.25,0.25,0.51,0.25,0.51,Matches,seriea,2024-2025
3626daea,549,Leonardo Spinazzola,it ITA,"DF,MF",Napoli,31,1993,27,17,1517,16.9,1,1,2,1,0,0,1,0,0.06,0.06,0.12,0.06,0.12,Matches,seriea,2024-2025
ac4003af,550,Marco Sportiello,it ITA,GK,Milan,32,1992,2,1,126,1.4,0,0,0,0,0,0,0,0,0.00,0.00,0.00,0.00,0.00,Matches,seriea,2024-2025
,Rk,Player,Nation,Pos,Squad,Age,Born,MP,Starts,Min,90s,Gls,Ast,G+A,G-PK,PK,PKatt,CrdY,CrdR,Gls,Ast,G+A,G-PK,G+A-PK,Matches,seriea,2024-2025
d34d8ed2,551,Filip Stankovic,rs SRB,GK,Venezia,22,2002,16,16,1367,15.2,0,0,0,0,0,0,1,0,0.00,0.00,0.00,0.00,0.00,Matches,seriea,2024-2025
13b44b02,552,Petar Stojanović,si SVN,"DF,MF",Empoli,28,1995,1,0,3,0.0,0,0,0,0,0,0,0,0,0.00,0.00,0.00,0.00,0.00,Matches,seriea,2024-2025
ac4a4508,553,Gabriel Strefezza,br BRA,"MF,FW",Como,27,1997,37,32,2619,29.1,6,4,10,6,0,0,5,0,0.21,0.14,0.34,0.21,0.34,Matches,seriea,2024-2025
230c3f3a,554,Ibrahim Sulemana,gh GHA,MF,Atalanta,21,2003,9,3,283,3.1,2,0,2,2,0,0,1,0,0.64,0.00,0.64,0.64,0.64,Matches,seriea,2024-2025
83fe71b8,555,Tomáš Suslov,sk SVK,"MF,FW",Hellas Verona,22,2002,31,27,2080,23.1,0,1,1,0,0,0,7,1,0.00,0.04,0.04,0.00,0.04,Matches,seriea,2024-2025
51e1f4f5,556,Zion Suzuki,jp JPN,GK,Parma,21,2002,37,37,3314,36.8,0,0,0,0,0,0,2,1,0.00,0.00,0.00,0.00,0.00,Matches,seriea,2024-2025
06dba850,557,Marin Šverko,hr CRO,DF,Venezia,26,1998,16,12,1117,12.4,1,0,1,1,0,0,3,0,0.08,0.00,0.08,0.08,0.08,Matches,seriea,2024-2025
bcf5058a,558,Mile Svilar,rs SRB,GK,Roma,24,1999,38,38,3420,38.0,0,0,0,0,0,0,1,0,0.00,0.00,0.00,0.00,0.00,Matches,seriea,2024-2025
8abd174d,559,Michael Svoboda,at AUT,DF,Venezia,25,1998,16,15,1314,14.6,1,0,1,1,0,0,1,0,0.07,0.00,0.07,0.07,0.07,Matches,seriea,2024-2025
8da74c05,560,Adrien Tameze,cm CMR,"MF,DF",Torino,30,1994,20,9,649,7.2,0,0,0,0,0,0,3,0,0.00,0.00,0.00,0.00,0.00,Matches,seriea,2024-2025
4c2a5d34,561,Mehdi Taremi,ir IRN,FW,Inter,32,1992,26,7,816,9.1,1,2,3,0,1,1,1,0,0.11,0.22,0.33,0.00,0.22,Matches,seriea,2024-2025
a65c844b,562,Nuno Tavares,pt POR,DF,Lazio,24,2000,23,22,1686,18.7,0,8,8,0,0,0,4,1,0.00,0.43,0.43,0.00,0.43,Matches,seriea,2024-2025
a3c8b4d3,563,Loum Tchaouna,fr FRA,"MF,FW",Lazio,20,2003,24,6,660,7.3,1,0,1,1,0,0,4,1,0.14,0.00,0.14,0.14,0.14,Matches,seriea,2024-2025
aeca7743,564,Jackson Tchatchoua,cm CMR,"MF,DF",Hellas Verona,22,2001,36,36,3167,35.2,2,3,5,2,0,0,7,1,0.06,0.09,0.14,0.06,0.14,Matches,seriea,2024-2025
ff2fb007,565,Casper Tengstedt,dk DEN,FW,Hellas Verona,24,2000,25,20,1517,16.9,6,1,7,5,1,1,2,0,0.36,0.06,0.42,0.30,0.36,Matches,seriea,2024-2025
5cbb5ad6,566,Filippo Terracciano,it ITA,"DF,MF",Milan,21,2003,13,6,539,6.0,0,0,0,0,0,0,3,0,0.00,0.00,0.00,0.00,0.00,Matches,seriea,2024-2025
e1b0a70d,567,Pietro Terracciano,it ITA,GK,Fiorentina,34,1990,3,3,270,3.0,0,0,0,0,0,0,0,0,0.00,0.00,0.00,0.00,0.00,Matches,seriea,2024-2025
2b9fdeea,568,Florian Thauvin,fr FRA,"FW,MF",Udinese,31,1993,25,24,1956,21.7,8,3,11,7,1,3,0,0,0.37,0.14,0.51,0.32,0.46,Matches,seriea,2024-2025
ff5ea0bf,569,Malick Thiaw,de GER,DF,Milan,22,2001,22,19,1806,20.1,0,0,0,0,0,0,2,0,0.00,0.00,0.00,0.00,0.00,Matches,seriea,2024-2025
d1b49282,570,Morten Thorsby,no NOR,MF,Genoa,28,1996,30,22,1898,21.1,0,1,1,0,0,0,6,0,0.00,0.05,0.05,0.00,0.05,Matches,seriea,2024-2025
7d9397f8,571,Khéphren Thuram,fr FRA,MF,Juventus,23,2001,35,26,2326,25.8,4,5,9,4,0,0,5,0,0.15,0.19,0.35,0.15,0.35,Matches,seriea,2024-2025
6f8cd6d0,572,Marcus Thuram,fr FRA,FW,Inter,26,1997,32,27,2290,25.4,14,4,18,14,0,0,1,0,0.55,0.16,0.71,0.55,0.71,Matches,seriea,2024-2025
c56dc39e,573,Rafael Tolói,it ITA,DF,Atalanta,33,1990,11,2,468,5.2,0,0,0,0,0,0,1,0,0.00,0.00,0.00,0.00,0.00,Matches,seriea,2024-2025
7edfbb8a,574,Fikayo Tomori,eng ENG,DF,Milan,26,1997,22,19,1593,17.7,0,1,1,0,0,0,4,1,0.00,0.06,0.06,0.00,0.06,Matches,seriea,2024-2025
9a33c016,575,Luka Topalović,si SVN,MF,Inter,18,2006,1,0,11,0.1,0,0,0,0,0,0,0,0,0.00,0.00,0.00,0.00,0.00,Matches,seriea,2024-2025
,Rk,Player,Nation,Pos,Squad,Age,Born,MP,Starts,Min,90s,Gls,Ast,G+A,G-PK,PK,PKatt,CrdY,CrdR,Gls,Ast,G+A,G-PK,G+A-PK,Matches,seriea,2024-2025
a8c67cdb,576,Lorenzo Tosto,it ITA,DF,Empoli,18,2006,1,0,1,0.0,0,0,0,0,0,0,0,0,0.00,0.00,0.00,0.00,0.00,Matches,seriea,2024-2025
01fd01e8,577,Souleymane Touré,fr FRA,DF,Udinese,21,2003,12,11,733,8.1,1,0,1,1,0,0,2,2,0.12,0.00,0.12,0.12,0.12,Matches,seriea,2024-2025
bf168004,578,Stefano Turati,it ITA,GK,Monza,22,2001,30,30,2676,29.7,0,0,0,0,0,0,1,0,0.00,0.00,0.00,0.00,0.00,Matches,seriea,2024-2025
2d9d9e42,579,Kacper Urbanski,pl POL,MF,Bologna,19,2004,7,1,247,2.7,1,0,1,1,0,0,2,0,0.36,0.00,0.36,0.36,0.36,Matches,seriea,2024-2025
2d9d9e42,580,Kacper Urbanski,pl POL,MF,Monza,19,2004,8,6,500,5.6,0,0,0,0,0,0,1,0,0.00,0.00,0.00,0.00,0.00,Matches,seriea,2024-2025
55db5c36,581,Lautaro Valenti,ar ARG,DF,Parma,25,1999,20,18,1556,17.3,1,0,1,1,0,0,6,1,0.06,0.00,0.06,0.06,0.06,Matches,seriea,2024-2025
a43e4f9c,582,Nicolás Valentini,ar ARG,DF,Hellas Verona,23,2001,14,13,1129,12.5,0,0,0,0,0,0,5,1,0.00,0.00,0.00,0.00,0.00,Matches,seriea,2024-2025
ec52b661,583,Emanuele Valeri,it ITA,"DF,MF",Parma,25,1998,35,34,2873,31.9,2,6,8,1,1,1,1,0,0.06,0.19,0.25,0.03,0.22,Matches,seriea,2024-2025
97022551,584,Álex Valle,es ESP,DF,Como,20,2004,15,12,1030,11.4,0,0,0,0,0,0,2,0,0.00,0.00,0.00,0.00,0.00,Matches,seriea,2024-2025
c414df9d,585,Mattia Valoti,it ITA,"FW,MF",Monza,30,1993,5,0,40,0.4,0,0,0,0,0,0,1,0,0.00,0.00,0.00,0.00,0.00,Matches,seriea,2024-2025
2bf50b37,586,Ignace Van Der Brempt,be BEL,DF,Como,22,2002,20,14,1257,14.0,0,1,1,0,0,0,3,0,0.00,0.07,0.07,0.00,0.07,Matches,seriea,2024-2025
fac1f795,587,Devis Vásquez,co COL,GK,Empoli,26,1998,32,32,2880,32.0,0,0,0,0,0,0,2,0,0.00,0.00,0.00,0.00,0.00,Matches,seriea,2024-2025
5eaed77a,588,Johan Vásquez,mx MEX,DF,Genoa,25,1998,36,34,3041,33.8,3,0,3,3,0,0,9,0,0.09,0.00,0.09,0.09,0.09,Matches,seriea,2024-2025
44ac04e9,589,Matías Vecino,uy URU,MF,Lazio,32,1991,20,7,877,9.7,2,3,5,2,0,0,7,0,0.21,0.31,0.51,0.21,0.51,Matches,seriea,2024-2025
cc094532,590,Danilo Veiga,pt POR,"MF,DF",Lecce,21,2002,13,2,374,4.2,0,0,0,0,0,0,0,0,0.00,0.00,0.00,0.00,0.00,Matches,seriea,2024-2025
fc8fcbd1,591,Renato Veiga,pt POR,DF,Juventus,21,2003,13,12,1093,12.1,0,1,1,0,0,0,2,0,0.00,0.08,0.08,0.00,0.08,Matches,seriea,2024-2025
a5049464,592,Lorenzo Venturino,it ITA,MF,Genoa,18,2006,6,1,167,1.9,2,0,2,2,0,0,0,0,1.08,0.00,1.08,1.08,1.08,Matches,seriea,2024-2025
0375723e,593,Simone Verdi,it ITA,"FW,MF",Como,32,1992,9,0,115,1.3,0,0,0,0,0,0,1,0,0.00,0.00,0.00,0.00,0.00,Matches,seriea,2024-2025
a14d0ab0,594,Samuele Vignato,it ITA,MF,Monza,20,2004,17,3,470,5.2,0,0,0,0,0,0,0,0,0.00,0.00,0.00,0.00,0.00,Matches,seriea,2024-2025
45392b06,595,Nicolas Viola,it ITA,"MF,FW",Cagliari,34,1989,27,18,1267,14.1,3,1,4,3,0,0,2,0,0.21,0.07,0.28,0.21,0.28,Matches,seriea,2024-2025
75438a9a,596,Mattia Viti,it ITA,DF,Empoli,22,2002,30,30,2572,28.6,1,0,1,1,0,0,3,0,0.03,0.00,0.03,0.03,0.03,Matches,seriea,2024-2025
74d4cec6,597,Vitinha,pt POR,"FW,MF",Genoa,24,2000,25,16,1328,14.8,2,3,5,2,0,0,2,0,0.14,0.20,0.34,0.14,0.34,Matches,seriea,2024-2025
79443529,598,Dušan Vlahović,rs SRB,FW,Juventus,24,2000,29,21,1784,19.8,10,4,14,6,4,4,3,0,0.50,0.20,0.71,0.30,0.50,Matches,seriea,2024-2025
2af3f55c,599,Vanja Vlahović,rs SRB,MF,Atalanta,20,2004,3,0,60,0.7,0,0,0,0,0,0,0,0,0.00,0.00,0.00,0.00,0.00,Matches,seriea,2024-2025
aa8e289e,600,Nikola Vlašić,hr CRO,"MF,FW",Torino,26,1997,30,23,2117,23.5,5,4,9,3,2,2,0,0,0.21,0.17,0.38,0.13,0.30,Matches,seriea,2024-2025
,Rk,Player,Nation,Pos,Squad,Age,Born,MP,Starts,Min,90s,Gls,Ast,G+A,G-PK,PK,PKatt,CrdY,CrdR,Gls,Ast,G+A,G-PK,G+A-PK,Matches,seriea,2024-2025
6841f107,601,Alessandro Vogliacco,it ITA,DF,Genoa,25,1998,12,8,715,7.9,2,0,2,2,0,0,3,0,0.25,0.00,0.25,0.25,0.25,Matches,seriea,2024-2025
6841f107,602,Alessandro Vogliacco,it ITA,DF,Parma,25,1998,10,10,772,8.6,0,0,0,0,0,0,2,0,0.00,0.00,0.00,0.00,0.00,Matches,seriea,2024-2025
be2706c0,603,Mërgim Vojvoda,xk KVX,"DF,MF",Torino,29,1995,17,12,1105,12.3,0,0,0,0,0,0,4,0,0.00,0.00,0.00,0.00,0.00,Matches,seriea,2024-2025
be2706c0,604,Mërgim Vojvoda,xk KVX,DF,Como,29,1995,11,8,717,8.0,1,2,3,1,0,0,2,0,0.13,0.25,0.38,0.13,0.38,Matches,seriea,2024-2025
d0d8dd44,605,Stefan de Vrij,nl NED,DF,Inter,32,1992,26,18,1726,19.2,3,0,3,3,0,0,2,0,0.16,0.00,0.16,0.16,0.16,Matches,seriea,2024-2025
86dd77d1,606,Kyle Walker,eng ENG,DF,Milan,34,1990,11,7,659,7.3,0,0,0,0,0,0,1,0,0.00,0.00,0.00,0.00,0.00,Matches,seriea,2024-2025
217875a4,607,Sebastian Walukiewicz,pl POL,DF,Torino,24,2000,29,20,1661,18.5,0,0,0,0,0,0,6,0,0.00,0.00,0.00,0.00,0.00,Matches,seriea,2024-2025
217875a4,608,Sebastian Walukiewicz,pl POL,DF,Empoli,24,2000,2,2,180,2.0,0,0,0,0,0,0,0,0,0.00,0.00,0.00,0.00,0.00,Matches,seriea,2024-2025
8eec784d,609,Timothy Weah,us USA,"MF,DF",Juventus,24,2000,30,18,1638,18.2,5,2,7,5,0,0,4,0,0.27,0.11,0.38,0.27,0.38,Matches,seriea,2024-2025
3ecc8c5f,610,Mateusz Wieteska,pl POL,DF,Cagliari,27,1997,5,1,184,2.0,0,0,0,0,0,0,1,0,0.00,0.00,0.00,0.00,0.00,Matches,seriea,2024-2025
8dfdc6c3,611,John Yeboah,ec ECU,"FW,MF",Venezia,24,2000,33,11,1226,13.6,1,1,2,1,0,0,6,0,0.07,0.07,0.15,0.07,0.15,Matches,seriea,2024-2025
d8cda243,612,Kenan Yıldız,tr TUR,MF,Juventus,19,2005,35,28,2402,26.7,7,4,11,7,0,0,2,1,0.26,0.15,0.41,0.26,0.41,Matches,seriea,2024-2025
d85c238b,613,Mattia Zaccagni,it ITA,"MF,FW",Lazio,29,1995,34,33,2686,29.8,8,6,14,6,2,2,10,0,0.27,0.20,0.47,0.20,0.40,Matches,seriea,2024-2025
45191c29,614,Nicola Zalewski,pl POL,MF,Roma,22,2002,12,4,533,5.9,0,0,0,0,0,0,0,0,0.00,0.00,0.00,0.00,0.00,Matches,seriea,2024-2025
45191c29,615,Nicola Zalewski,pl POL,MF,Inter,22,2002,11,4,435,4.8,1,1,2,1,0,0,4,0,0.21,0.21,0.41,0.21,0.41,Matches,seriea,2024-2025
6bb2c084,616,Andre-Frank Zambo Anguissa,cm CMR,MF,Napoli,28,1995,35,32,2852,31.7,6,4,10,6,0,0,5,0,0.19,0.13,0.32,0.19,0.32,Matches,seriea,2024-2025
8e45910b,617,Francesco Zampano,it ITA,MF,Venezia,30,1993,24,17,1639,18.2,1,2,3,1,0,0,5,0,0.05,0.11,0.16,0.05,0.16,Matches,seriea,2024-2025
9907b1c8,618,Nicolò Zaniolo,it ITA,"FW,MF",Fiorentina,25,1999,9,4,343,3.8,0,0,0,0,0,0,2,1,0.00,0.00,0.00,0.00,0.00,Matches,seriea,2024-2025
9907b1c8,619,Nicolò Zaniolo,it ITA,"FW,MF",Atalanta,25,1999,14,0,356,4.0,2,2,4,2,0,0,4,0,0.51,0.51,1.01,0.51,1.01,Matches,seriea,2024-2025
3b12b11f,620,Alessandro Zanoli,it ITA,MF,Genoa,23,2000,31,19,1711,19.0,1,0,1,1,0,0,3,0,0.05,0.00,0.05,0.05,0.05,Matches,seriea,2024-2025
d3de9af0,621,Duván Zapata,co COL,FW,Torino,33,1991,7,7,587,6.5,3,0,3,3,0,0,1,0,0.46,0.00,0.46,0.46,0.46,Matches,seriea,2024-2025
ca3db240,622,Gabriele Zappa,it ITA,DF,Cagliari,24,1999,37,35,3060,34.0,2,0,2,2,0,0,4,0,0.06,0.00,0.06,0.06,0.06,Matches,seriea,2024-2025
7fe90ccd,623,Davide Zappacosta,it ITA,MF,Atalanta,32,1992,30,26,2067,23.0,4,2,6,4,0,0,3,0,0.17,0.09,0.26,0.17,0.26,Matches,seriea,2024-2025
968a1c2f,624,Oier Zarraga,es ESP,MF,Udinese,25,1999,22,9,896,10.0,1,0,1,1,0,0,0,0,0.10,0.00,0.10,0.10,0.10,Matches,seriea,2024-2025
e8271ad9,625,Jordan Zemura,zw ZIM,"MF,DF",Udinese,24,1999,23,13,1415,15.7,1,2,3,1,0,0,2,0,0.06,0.13,0.19,0.06,0.19,Matches,seriea,2024-2025
,Rk,Player,Nation,Pos,Squad,Age,Born,MP,Starts,Min,90s,Gls,Ast,G+A,G-PK,PK,PKatt,CrdY,CrdR,Gls,Ast,G+A,G-PK,G+A-PK,Matches,seriea,2024-2025
d19ef4ef,626,Alessio Zerbin,it ITA,MF,Venezia,25,1999,18,17,1518,16.9,1,1,2,1,0,0,4,0,0.06,0.06,0.12,0.06,0.12,Matches,seriea,2024-2025
d19ef4ef,627,Alessio Zerbin,it ITA,"FW,MF",Napoli,25,1999,2,0,2,0.0,0,0,0,0,0,0,0,0,0.00,0.00,0.00,0.00,0.00,Matches,seriea,2024-2025
7d6d4395,628,Kevin Zeroli,it ITA,MF,Monza,19,2005,8,4,395,4.4,0,1,1,0,0,0,0,0,0.00,0.23,0.23,0.00,0.23,Matches,seriea,2024-2025
7d6d4395,629,Kevin Zeroli,it ITA,MF,Milan,19,2005,1,0,12,0.1,0,0,0,0,0,0,0,0,0.00,0.00,0.00,0.00,0.00,Matches,seriea,2024-2025
a5296e55,630,Piotr Zieliński,pl POL,MF,Inter,30,1994,26,8,980,10.9,2,2,4,0,2,2,0,0,0.18,0.18,0.37,0.00,0.18,Matches,seriea,2024-2025
82598b71,631,Nadir Zortea,it ITA,MF,Cagliari,25,1999,35,33,2713,30.1,6,2,8,6,0,0,2,0,0.20,0.07,0.27,0.20,0.27,Matches,seriea,2024-2025
4e1d5e59,632,Szymon Żurkowski,pl POL,MF,Empoli,26,1997,5,0,106,1.2,0,0,0,0,0,0,0,0,0.00,0.00,0.00,0.00,0.00,Matches,seriea,2024-2025
405f6586,633,Milan Đurić,ba BIH,FW,Monza,34,1990,18,13,1270,14.1,4,1,5,4,0,0,3,0,0.28,0.07,0.35,0.28,0.35,Matches,seriea,2024-2025
405f6586,634,Milan Đurić,ba BIH,FW,Parma,34,1990,9,3,268,3.0,1,0,1,1,0,0,1,0,0.34,0.00,0.34,0.34,0.34,Matches,seriea,2024-2025
