Round,Day,Date,Time,Home,Score,Away,Attendance,Venue,Referee,Match Report,Notes,Wk,league,saison
First qualifying round,Tue,2024-07-09,18:30 (17:30),FK Panevėžys lt,3–0,fi HJK Helsinki,1100,Aukštaitijos stadionas,Luca Cibelli,Match Report,Leg 1 of 2,,ucl,2024-2025
First qualifying round,Tue,2024-07-09,18:45 (20:45),KV is,0–0,ie Shamrock Rovers,1108,Víkingsvöllur,Sigurd Smehus Kringstad,Match Report,Leg 1 of 2,,ucl,2024-2025
First qualifying round,Tue,2024-07-09,18:45,Ħamrun Spartans FC mt,0–1,gi Lincoln Red Imps FC,1342,MFA Centenary Stadium,Aleksandar Stavrev,Match Report,Leg 1 of 2,,ucl,2024-2025
First qualifying round,Tue,2024-07-09,19:00 (20:00),The New Saints FC wls,3–0,me FK Dečić,963,Park Hall Stadium,Bram Van Driessche,Match Report,Leg 1 of 2,,ucl,2024-2025
First qualifying round,Tue,2024-07-09,20:00,Santa Coloma ad,1–2,xk KF Ballkani Therandë,445,Estadi Nacional,Marcel Bîrsan,Match Report,Leg 1 of 2,,ucl,2024-2025
First qualifying round,Tue,2024-07-09,21:00,AC Virtus sm,1–7,ro FCSB,1863,San Marino Stadium,Antoni Bandić,Match Report,Leg 1 of 2,,ucl,2024-2025
First qualifying round,Wed,2024-07-10,19:00,Slovan Bratislava sk,4–2,mk FK Struga Trim-Lum,11259,Štadión Tehelné pole,Stéphanie Frappart,Match Report,Leg 1 of 2,,ucl,2024-2025
First qualifying round,Wed,2024-07-10,19:00 (18:00),FC Flora ee,0–5,si NK Celje,2002,A. Le Coq Arena,Alejandro Muñíz,Match Report,Leg 1 of 2,,ucl,2024-2025
First qualifying round,Wed,2024-07-10,19:00 (20:00),KÍ Klaksvík fo,2–0,lu Differdange,1161,Við Djúpumýrar,David Munro,Match Report,Leg 1 of 2,,ucl,2024-2025
First qualifying round,Wed,2024-07-10,20:00 (19:00),FK Rīgas Futbola skola lv,3–0,nir Larne FC,1700,LNK Sporta Parks 2,Ondřej Berka,Match Report,Leg 1 of 2,,ucl,2024-2025
First qualifying round,Wed,2024-07-10,21:00 (17:00),FC Ordabasy kz,0–0,md FC Petrocub Sărata-Galbenă,16500,Stadion Qajimuqan Muñaytpasov,Patrik Kolarić,Match Report,Leg 1 of 2,,ucl,2024-2025
First qualifying round,Wed,2024-07-10,21:00,Borac Banja Luka ba,1–0,al FK Egnatia,7832,Gradski Stadion,Daniel Stefański,Match Report,Leg 1 of 2,,ucl,2024-2025
First qualifying round,Wed,2024-07-10,21:00 (20:00),Ludogorets Razgrad bg,3–1,ge Dinamo Batumi,4561,Huvepharma Arena,Robert Schröder,Match Report,Leg 1 of 2,,ucl,2024-2025
First qualifying round,Wed,2024-07-10,21:45 (20:45),Dinamo Minsk by,0–0,am Pyunik,3487,Városi Stadion,Volen Chinkov,Match Report,Leg 1 of 2,,ucl,2024-2025
First qualifying round,Tue,2024-07-16,16:30,KF Ballkani Therandë xk,(5) 1–2 (6),ad Santa Coloma,1000,Stadiumi i Qytetit,Oleksii Derevinskyi,Match Report,Leg 2 of 2; Santa Coloma won; Santa Coloma won on penalty kicks following extra time,,ucl,2024-2025
First qualifying round,Tue,2024-07-16,18:00,Lincoln Red Imps FC gi,(5) 0–1 (4),mt Ħamrun Spartans FC,720,Europa Point Stadium,Eric Wattellier,Match Report,Leg 2 of 2; Lincoln Red Imps FC won; Lincoln Red Imps FC won on penalty kicks following extra time,,ucl,2024-2025
First qualifying round,Tue,2024-07-16,19:00 (18:00),HJK Helsinki fi,1–1,lt FK Panevėžys,5292,Bolt Arena,Craig Pawson,Match Report,Leg 2 of 2; FK Panevėžys won,,ucl,2024-2025
First qualifying round,Tue,2024-07-16,19:00,NK Celje si,2–1,ee FC Flora,2382,Stadion Z'dežele,Goga Kikacheishvili,Match Report,Leg 2 of 2; NK Celje won,,ucl,2024-2025
First qualifying round,Tue,2024-07-16,20:00 (21:00),Shamrock Rovers ie,2–1,is KV,7632,Tallaght Stadium,Jarred Gillett,Match Report,Leg 2 of 2; Shamrock Rovers won,,ucl,2024-2025
First qualifying round,Tue,2024-07-16,20:00 (18:00),Pyunik am,0–1,by Dinamo Minsk,7400,Vazgen Sargsyan anvan Hanrapetakan Marza...,Snir Levi,Match Report,Leg 2 of 2; Dinamo Minsk won,,ucl,2024-2025
First qualifying round,Tue,2024-07-16,20:30 (19:30),FCSB ro,4–0,sm AC Virtus,7262,Arena Naţională,Stefan Ebner,Match Report,Leg 2 of 2; FCSB won,,ucl,2024-2025
First qualifying round,Tue,2024-07-16,21:00,FK Dečić me,1–1,wls The New Saints FC,1400,Stadion Pod Goricom,Atilla Karaoğlan,Match Report,Leg 2 of 2; The New Saints FC won,,ucl,2024-2025
First qualifying round,Wed,2024-07-17,17:00,FK Struga Trim-Lum mk,1–2,sk Slovan Bratislava,1223,Stadion Biljanini Izvori,Ricardo de Burgos,Match Report,Leg 2 of 2; Slovan Bratislava won,,ucl,2024-2025
First qualifying round,Wed,2024-07-17,19:00,Differdange lu,0–0,fo KÍ Klaksvík,1950,Stade Parc des Sports,Javier Alberola,Match Report,Leg 2 of 2; KÍ Klaksvík won,,ucl,2024-2025
First qualifying round,Wed,2024-07-17,20:00 (19:00),FC Petrocub Sărata-Galbenă md,1–0,kz FC Ordabasy,6752,Stadionul Zimbru,Miloš Milanović,Match Report,Leg 2 of 2; FC Petrocub Sărata-Galbenă won,,ucl,2024-2025
First qualifying round,Wed,2024-07-17,20:00 (21:00),Larne FC nir,0–4,lv FK Rīgas Futbola skola,2030,Inver Park,Gustavo Correia,Match Report,Leg 2 of 2; FK Rīgas Futbola skola won,,ucl,2024-2025
First qualifying round,Wed,2024-07-17,21:00,FK Egnatia al,(1) 2–1 (4),ba Borac Banja Luka,2000,Elbasan Arena,Fabio Maresca,Match Report,Leg 2 of 2; Borac Banja Luka won; Borac Banja Luka won on penalty kicks following extra time,,ucl,2024-2025
First qualifying round,Wed,2024-07-17,21:00 (19:00),Dinamo Batumi ge,1–0,bg Ludogorets Razgrad,14967,Adjarabet Arena,Dario Bel,Match Report,Leg 2 of 2; Ludogorets Razgrad won,,ucl,2024-2025
Second qualifying round,Tue,2024-07-23,17:00,Bodø/Glimt no,4–0,lv FK Rīgas Futbola skola,5427,Aspmyra Stadion,Donald Robertson,Match Report,Leg 1 of 2,,ucl,2024-2025
Second qualifying round,Tue,2024-07-23,18:00,Lincoln Red Imps FC gi,0–2,az Qarabağ,724,Victoria Stadium,István Vad,Match Report,Leg 1 of 2,,ucl,2024-2025
Second qualifying round,Tue,2024-07-23,18:30 (17:30),FK Panevėžys lt,0–4,pl Jagiellonia,3580,Aukštaitijos stadionas,Novak Simović,Match Report,Leg 1 of 2,,ucl,2024-2025
Second qualifying round,Tue,2024-07-23,19:00,Malmö se,4–1,fo KÍ Klaksvík,18432,Eleda Stadion,Lukas Fähndrich,Match Report,Leg 1 of 2,,ucl,2024-2025
Second qualifying round,Tue,2024-07-23,20:00,Ferencváros hu,5–0,wls The New Saints FC,16231,Groupama Arena,Guillermo Cuadra,Match Report,Leg 1 of 2,,ucl,2024-2025
Second qualifying round,Tue,2024-07-23,20:00 (19:00),APOEL FC cy,1–0,md FC Petrocub Sărata-Galbenă,13801,Neo GSP,Robert Schröder,Match Report,Leg 1 of 2,,ucl,2024-2025
Second qualifying round,Tue,2024-07-23,20:00,Santa Coloma ad,0–3,dk Midtjylland,664,Estadi Nacional,Abdulkadir Bitigen,Match Report,Leg 1 of 2,,ucl,2024-2025
Second qualifying round,Tue,2024-07-23,20:00 (21:00),Shamrock Rovers ie,0–2,cz Sparta Prague,9684,Tallaght Stadium,Joey Kooij,Match Report,Leg 1 of 2,,ucl,2024-2025
Second qualifying round,Tue,2024-07-23,20:30 (19:30),FCSB ro,1–1,il Maccabi Tel Aviv FC,26235,Arena Naţională,Gergő Bogár,Match Report,Leg 1 of 2,,ucl,2024-2025
Second qualifying round,Tue,2024-07-23,20:30,Lugano ch,3–4,tr Fenerbahçe,6009,Stockhorn Arena,Tiago Martins,Match Report,Leg 1 of 2,,ucl,2024-2025
Second qualifying round,Tue,2024-07-23,21:00 (20:00),Dynamo Kyiv ua,6–2,rs Partizan,4712,Natsionalnyi Sportyvnyi Kompleks 'Olimpi...,Christian Dingert,Match Report,Leg 1 of 2,,ucl,2024-2025
Second qualifying round,Wed,2024-07-24,20:15,NK Celje si,1–1,sk Slovan Bratislava,4382,Stadion Z'dežele,Darren England,Match Report,Leg 1 of 2,,ucl,2024-2025
Second qualifying round,Wed,2024-07-24,20:30 (19:30),PAOK gr,3–2,ba Borac Banja Luka,16135,Stadio Toumbas,David Smajc,Match Report,Leg 1 of 2,,ucl,2024-2025
Second qualifying round,Wed,2024-07-24,21:00 (20:00),Ludogorets Razgrad bg,2–0,by Dinamo Minsk,5323,Huvepharma Arena,Eldorjan Hamiti,Match Report,Leg 1 of 2,,ucl,2024-2025
Second qualifying round,Tue,2024-07-30,19:00 (20:00),The New Saints FC wls,1–2,hu Ferencváros,1022,Park Hall Stadium,Damian Sylwestrzak,Match Report,Leg 2 of 2; Ferencváros won,,ucl,2024-2025
Second qualifying round,Tue,2024-07-30,19:00,Sparta Prague cz,4–2,ie Shamrock Rovers,17367,epet Arena,Simone Sozza,Match Report,Leg 2 of 2; Sparta Prague won,,ucl,2024-2025
Second qualifying round,Tue,2024-07-30,19:45 (20:45),KÍ Klaksvík fo,3–2,se Malmö,1247,Við Djúpumýrar,Vitālijs Spasjoņņikovs,Match Report,Leg 2 of 2; Malmö won,,ucl,2024-2025
Second qualifying round,Tue,2024-07-30,20:00 (19:00),FC Petrocub Sărata-Galbenă md,1–1,cy APOEL FC,7500,Stadionul Municipal,Fedayi San,Match Report,Leg 2 of 2; APOEL FC won,,ucl,2024-2025
Second qualifying round,Tue,2024-07-30,20:00 (19:00),Fenerbahçe tr,2–1,ch Lugano,37281,Ülker Stadyumu Fenerbahçe Şükrü Saracoğl...,Robert Jones,Match Report,Leg 2 of 2; Fenerbahçe won,,ucl,2024-2025
Second qualifying round,Tue,2024-07-30,20:00 (18:00),Qarabağ az,5–0,gi Lincoln Red Imps FC,23700,Tofiq Bəhramov adına Respublika stadionu,Jakob Sundberg,Match Report,Leg 2 of 2; Qarabağ won,,ucl,2024-2025
Second qualifying round,Tue,2024-07-30,20:30,Slovan Bratislava sk,5–0,si NK Celje,17197,Štadión Tehelné pole,Fabio Maresca,Match Report,Leg 2 of 2; Slovan Bratislava won,,ucl,2024-2025
Second qualifying round,Wed,2024-07-31,19:15,Midtjylland dk,1–0,ad Santa Coloma,7917,MCH Arena,Robert Hennessy,Match Report,Leg 2 of 2; Midtjylland won,,ucl,2024-2025
Second qualifying round,Wed,2024-07-31,20:00,Partizan rs,0–3,ua Dynamo Kyiv,10,Stadion Partizana,Marian Barbu,Match Report,Leg 2 of 2; Dynamo Kyiv won,,ucl,2024-2025
Second qualifying round,Wed,2024-07-31,20:00 (19:00),FK Rīgas Futbola skola lv,1–3,no Bodø/Glimt,1678,Stadions Arkādija Grass,Viktor Kopievskii,Match Report,Leg 2 of 2; Bodø/Glimt won,,ucl,2024-2025
Second qualifying round,Wed,2024-07-31,20:00,Maccabi Tel Aviv FC il,0–1,ro FCSB,643,Bozsik Aréna,Jérémie Pignard,Match Report,Leg 2 of 2; FCSB won,,ucl,2024-2025
Second qualifying round,Wed,2024-07-31,20:30,Jagiellonia pl,3–1,lt FK Panevėžys,17589,Chorten Arena,Vassilis Fotias,Match Report,Leg 2 of 2; Jagiellonia won,,ucl,2024-2025
Second qualifying round,Wed,2024-07-31,21:00,Borac Banja Luka ba,0–1,gr PAOK,9500,Gradski Stadion,Sander van der Eijk,Match Report,Leg 2 of 2; PAOK won,,ucl,2024-2025
Second qualifying round,Wed,2024-07-31,21:45 (20:45),Dinamo Minsk by,1–0,bg Ludogorets Razgrad,10,Városi Stadion,Igal Frid,Match Report,Leg 2 of 2; Ludogorets Razgrad won,,ucl,2024-2025
Third qualifying round,Tue,2024-08-06,19:00,Malmö se,2–2,gr PAOK,18658,Eleda Stadion,John Beaton,Match Report,Leg 1 of 2,,ucl,2024-2025
Third qualifying round,Tue,2024-08-06,19:15,Midtjylland dk,2–0,hu Ferencváros,8449,MCH Arena,Matej Jug,Match Report,Leg 1 of 2,,ucl,2024-2025
Third qualifying round,Tue,2024-08-06,20:00,Sparta Prague cz,1–1,ro FCSB,17229,epet Arena,Rohit Saggi,Match Report,Leg 1 of 2,,ucl,2024-2025
Third qualifying round,Tue,2024-08-06,20:00,Dynamo Kyiv ua,1–1,sct Rangers,8315,Motor Lublin Arena,Donatas Rumšas,Match Report,Leg 1 of 2,,ucl,2024-2025
Third qualifying round,Tue,2024-08-06,20:00 (18:00),Qarabağ az,1–2,bg Ludogorets Razgrad,29300,Tofiq Bəhramov adına Respublika stadionu,Urs Schnyder,Match Report,Leg 1 of 2,,ucl,2024-2025
Third qualifying round,Tue,2024-08-06,20:30,Lille fr,2–1,tr Fenerbahçe,12908,Stade du Hainaut,István Kovács,Match Report,Leg 1 of 2,,ucl,2024-2025
Third qualifying round,Tue,2024-08-06,20:45,RB Salzburg at,2–1,nl Twente,17381,Red Bull Arena,António Nobre,Match Report,Leg 1 of 2,,ucl,2024-2025
Third qualifying round,Wed,2024-08-07,19:00,Slavia Prague cz,3–1,be Union SG,18470,Fortuna Arena,Tobias Stieler,Match Report,Leg 1 of 2,,ucl,2024-2025
Third qualifying round,Wed,2024-08-07,20:30,Slovan Bratislava sk,2–0,cy APOEL FC,20404,Štadión Tehelné pole (old),Allard Lindhout,Match Report,Leg 1 of 2,,ucl,2024-2025
Third qualifying round,Wed,2024-08-07,20:45,Jagiellonia pl,0–1,no Bodø/Glimt,19447,Chorten Arena,Sven Jablonski,Match Report,Leg 1 of 2,,ucl,2024-2025
Third qualifying round,Tue,2024-08-13,19:00,Twente nl,3–3,at RB Salzburg,29200,De Grolsch Veste,Irfan Peljto,Match Report,Leg 2 of 2; RB Salzburg won,,ucl,2024-2025
Third qualifying round,Tue,2024-08-13,19:00,Bodø/Glimt no,4–1,pl Jagiellonia,7228,Aspmyra Stadion,Benoît Bastien,Match Report,Leg 2 of 2; Bodø/Glimt won,,ucl,2024-2025
Third qualifying round,Tue,2024-08-13,19:45 (20:45),Rangers sct,0–2,ua Dynamo Kyiv,39180,Hampden Park,Marco Guida,Match Report,Leg 2 of 2; Dynamo Kyiv won,,ucl,2024-2025
Third qualifying round,Tue,2024-08-13,20:00 (19:00),Fenerbahçe tr,1–1,fr Lille,40474,Ülker Stadyumu Fenerbahçe Şükrü Saracoğl...,Jose Maria Sánchez,Match Report,Leg 2 of 2; Lille won; Required Extra Time,,ucl,2024-2025
Third qualifying round,Tue,2024-08-13,20:00 (19:00),APOEL FC cy,0–0,sk Slovan Bratislava,13507,Stadio GSP (1902),Sascha Stegemann,Match Report,Leg 2 of 2; Slovan Bratislava won,,ucl,2024-2025
Third qualifying round,Tue,2024-08-13,20:00,Ferencváros hu,1–1,dk Midtjylland,18027,Groupama Arena,Orel Grinfeeld,Match Report,Leg 2 of 2; Midtjylland won,,ucl,2024-2025
Third qualifying round,Tue,2024-08-13,20:30,Union SG be,0–1,cz Slavia Prague,5499,Stade Joseph Mariën,Srđan Jovanović,Match Report,Leg 2 of 2; Slavia Prague won,,ucl,2024-2025
Third qualifying round,Tue,2024-08-13,20:30 (19:30),PAOK gr,3–4,se Malmö,17678,Stadio Toumbas,Marco Di Bello,Match Report,Leg 2 of 2; Malmö won; Required Extra Time,,ucl,2024-2025
Third qualifying round,Tue,2024-08-13,21:00 (20:00),Ludogorets Razgrad bg,2–7,az Qarabağ,7700,Huvepharma Arena,Simone Sozza,Match Report,Leg 2 of 2; Qarabağ won; Required Extra Time,,ucl,2024-2025
Third qualifying round,Tue,2024-08-13,21:30 (20:30),FCSB ro,2–3,cz Sparta Prague,28875,Stadionul Steaua,Morten Krogh,Match Report,Leg 2 of 2; Sparta Prague won,,ucl,2024-2025
Play-off round,Tue,2024-08-20,21:00,Dinamo Zagreb hr,3–0,az Qarabağ,14073,Stadion Maksimir,Glenn Nyberg,Match Report,Leg 1 of 2,,ucl,2024-2025
Play-off round,Tue,2024-08-20,21:00,Bodø/Glimt no,2–1,rs Red Star,7909,Aspmyra Stadion,Ivan Kružliak,Match Report,Leg 1 of 2,,ucl,2024-2025
Play-off round,Tue,2024-08-20,21:00,Lille fr,2–0,cz Slavia Prague,15019,Stade du Hainaut,Szymon Marciniak,Match Report,Leg 1 of 2,,ucl,2024-2025
Play-off round,Wed,2024-08-21,21:00,Dynamo Kyiv ua,0–2,at RB Salzburg,7126,Motor Lublin Arena,Sandro Schärer,Match Report,Leg 1 of 2,,ucl,2024-2025
Play-off round,Wed,2024-08-21,21:00,Malmö se,0–2,cz Sparta Prague,20589,Eleda Stadion,Jesús Gil,Match Report,Leg 1 of 2,,ucl,2024-2025
Play-off round,Wed,2024-08-21,21:00,Midtjylland dk,1–1,sk Slovan Bratislava,9202,MCH Arena,Alejandro Hernández,Match Report,Leg 1 of 2,,ucl,2024-2025
Play-off round,Wed,2024-08-21,21:00,Young Boys ch,3–2,tr Galatasaray,31500,Stadion Wankdorf,Daniel Siebert,Match Report,Leg 1 of 2,,ucl,2024-2025
Play-off round,Tue,2024-08-27,21:00,RB Salzburg at,1–1,ua Dynamo Kyiv,23289,Red Bull Arena,Halil Umut Meler,Match Report,Leg 2 of 2; RB Salzburg won,,ucl,2024-2025
Play-off round,Tue,2024-08-27,21:00,Sparta Prague cz,2–0,se Malmö,18215,epet Arena,Clément Turpin,Match Report,Leg 2 of 2; Sparta Prague won,,ucl,2024-2025
Play-off round,Tue,2024-08-27,22:00 (21:00),Galatasaray tr,0–1,ch Young Boys,46827,Ali Sami Yen Stadyumu,Espen Eskås,Match Report,Leg 2 of 2; Young Boys won,,ucl,2024-2025
Play-off round,Wed,2024-08-28,20:45 (18:45),Qarabağ az,0–2,hr Dinamo Zagreb,29800,Tofiq Bəhramov adına Respublika stadionu,Michael Oliver,Match Report,Leg 2 of 2; Dinamo Zagreb won,,ucl,2024-2025
Play-off round,Wed,2024-08-28,21:00,Red Star rs,2–0,no Bodø/Glimt,46167,Stadion Rajko Mitić,Davide Massa,Match Report,Leg 2 of 2; Red Star won,,ucl,2024-2025
Play-off round,Wed,2024-08-28,21:00,Slavia Prague cz,2–1,fr Lille,18848,Fortuna Arena,Slavko Vinčič,Match Report,Leg 2 of 2; Lille won,,ucl,2024-2025
Play-off round,Wed,2024-08-28,21:00,Slovan Bratislava sk,3–2,dk Midtjylland,21609,Štadión Tehelné pole (old),Tobias Stieler,Match Report,Leg 2 of 2; Slovan Bratislava won,,ucl,2024-2025
,Tue,2024-09-17,18:45,Juventus it,3–1,nl PSV,40417.0,Allianz Stadium,Alejandro Hernández,Match Report,,1.0,ucl,2024-2025
,Tue,2024-09-17,18:45,Young Boys ch,0–3,eng Aston Villa,31500.0,Stadion Wankdorf,Georgi Kabakov,Match Report,,1.0,ucl,2024-2025
,Tue,2024-09-17,20:00 (21:00),Sporting CP pt,2–0,fr Lille,40024.0,Estádio José Alvalade,Donatas Rumšas,Match Report,,1.0,ucl,2024-2025
,Tue,2024-09-17,21:00,Bayern Munich de,9–2,hr Dinamo Zagreb,75000.0,Allianz Arena,Juan Martínez,Match Report,,1.0,ucl,2024-2025
,Tue,2024-09-17,21:00,Real Madrid es,3–1,de Stuttgart,71288.0,Estadio Santiago Bernabéu,Halil Umut Meler,Match Report,,1.0,ucl,2024-2025
,Tue,2024-09-17,21:00,Milan it,1–3,eng Liverpool,59826.0,Stadio Giuseppe Meazza,Espen Eskås,Match Report,,1.0,ucl,2024-2025
,Wed,2024-09-18,18:45,Sparta Prague cz,3–0,at RB Salzburg,17612.0,epet Arena,Rade Obrenović,Match Report,,1.0,ucl,2024-2025
,Wed,2024-09-18,18:45,Bologna it,0–0,ua Shakhtar Donetsk,23130.0,Stadio Renato Dall'Ara,Rohit Saggi,Match Report,,1.0,ucl,2024-2025
,Wed,2024-09-18,20:00 (21:00),Manchester City eng,0–0,it Inter,50922.0,Etihad Stadium,Glenn Nyberg,Match Report,,1.0,ucl,2024-2025
,Wed,2024-09-18,20:00 (21:00),Celtic sct,5–1,sk Slovan Bratislava,56826.0,Celtic Park,Danny Makkelie,Match Report,,1.0,ucl,2024-2025
,Wed,2024-09-18,21:00,Paris Saint-Germain fr,1–0,es Girona,39951.0,Parc des Princes,Daniel Siebert,Match Report,,1.0,ucl,2024-2025
,Wed,2024-09-18,21:00,Club Brugge be,0–3,de Dortmund,19961.0,Jan Breydelstadion,Irfan Peljto,Match Report,,1.0,ucl,2024-2025
,Thu,2024-09-19,18:45,Feyenoord nl,0–4,de Leverkusen,42297.0,Stadion Feijenoord,Davide Massa,Match Report,,1.0,ucl,2024-2025
,Thu,2024-09-19,18:45,Red Star rs,1–2,pt Benfica,44238.0,Stadion Rajko Mitić,Michael Oliver,Match Report,,1.0,ucl,2024-2025
,Thu,2024-09-19,21:00,Monaco fr,2–1,es Barcelona,13296.0,Stade Louis II,Allard Lindhout,Match Report,,1.0,ucl,2024-2025
,Thu,2024-09-19,21:00,Atlético Madrid es,2–1,de RB Leipzig,57856.0,Riyadh Air Metropolitan Stadium,Ivan Kružliak,Match Report,,1.0,ucl,2024-2025
,Thu,2024-09-19,21:00,Brest fr,2–1,at Sturm Graz,14518.0,Stade du Roudourou,Nick Walsh,Match Report,,1.0,ucl,2024-2025
,Thu,2024-09-19,21:00,Atalanta it,0–0,eng Arsenal,22858.0,Gewiss Stadium,Clément Turpin,Match Report,,1.0,ucl,2024-2025
,Tue,2024-10-01,18:45,RB Salzburg at,0–4,fr Brest,20232.0,Red Bull Arena,Anthony Taylor,Match Report,,2.0,ucl,2024-2025
,Tue,2024-10-01,18:45,Stuttgart de,1–1,cz Sparta Prague,60000.0,MHPArena,Manfredas Lukjančukas,Match Report,,2.0,ucl,2024-2025
,Tue,2024-10-01,20:00 (21:00),Arsenal eng,2–0,fr Paris Saint-Germain,60103.0,Emirates Stadium,Slavko Vinčič,Match Report,,2.0,ucl,2024-2025
,Tue,2024-10-01,21:00,Slovan Bratislava sk,0–4,eng Manchester City,22500.0,Štadión Tehelné pole,Davide Massa,Match Report,,2.0,ucl,2024-2025
,Tue,2024-10-01,21:00,Leverkusen de,1–0,it Milan,30210.0,BayArena,Sandro Schärer,Match Report,,2.0,ucl,2024-2025
,Tue,2024-10-01,21:00,Dortmund de,7–1,sct Celtic,81365.0,Signal Iduna Park,Jose Maria Sánchez,Match Report,,2.0,ucl,2024-2025
,Tue,2024-10-01,21:00,Barcelona es,5–0,ch Young Boys,45097.0,Estadi Olímpic Lluís Companys,Erik Lambrechts,Match Report,,2.0,ucl,2024-2025
,Tue,2024-10-01,21:00,Inter it,4–0,rs Red Star,56391.0,Stadio Giuseppe Meazza,Felix Zwayer,Match Report,,2.0,ucl,2024-2025
,Tue,2024-10-01,21:00,PSV nl,1–1,pt Sporting CP,34400.0,Philips Stadion,Marco Guida,Match Report,,2.0,ucl,2024-2025
,Wed,2024-10-02,18:45,Shakhtar Donetsk ua,0–3,it Atalanta,21636.0,Veltins-Arena,João Pinheiro,Match Report,,2.0,ucl,2024-2025
,Wed,2024-10-02,18:45,Girona es,2–3,nl Feyenoord,8752.0,Estadi Municipal de Montilivi,Urs Schnyder,Match Report,,2.0,ucl,2024-2025
,Wed,2024-10-02,20:00 (21:00),Liverpool eng,2–0,it Bologna,59816.0,Anfield,Nikola Dabanović,Match Report,,2.0,ucl,2024-2025
,Wed,2024-10-02,20:00 (21:00),Benfica pt,4–0,es Atlético Madrid,62028.0,Estádio do Sport Lisboa e Benfica,Serdar Gözübüyük,Match Report,,2.0,ucl,2024-2025
,Wed,2024-10-02,20:00 (21:00),Aston Villa eng,1–0,de Bayern Munich,38991.0,Villa Park,Radu Petrescu,Match Report,,2.0,ucl,2024-2025
,Wed,2024-10-02,21:00,Dinamo Zagreb hr,2–2,fr Monaco,12462.0,Stadion Maksimir,Harm Osmers,Match Report,,2.0,ucl,2024-2025
,Wed,2024-10-02,21:00,RB Leipzig de,2–3,it Juventus,45228.0,Red Bull Arena,François Letexier,Match Report,,2.0,ucl,2024-2025
,Wed,2024-10-02,21:00,Sturm Graz at,0–1,be Club Brugge,23205.0,Merkur Arena,Əliyar Ağayev,Match Report,,2.0,ucl,2024-2025
,Wed,2024-10-02,21:00,Lille fr,1–0,es Real Madrid,48205.0,Decathlon Arena - Stade Pierre-Mauroy,Maurizio Mariani,Match Report,,2.0,ucl,2024-2025
,Tue,2024-10-22,18:45,Monaco fr,5–1,rs Red Star,9590.0,Stade Louis II,Tobias Stieler,Match Report,,3.0,ucl,2024-2025
,Tue,2024-10-22,18:45,Milan it,3–1,be Club Brugge,58649.0,Stadio Giuseppe Meazza,Felix Zwayer,Match Report,,3.0,ucl,2024-2025
,Tue,2024-10-22,20:00 (21:00),Aston Villa eng,2–0,it Bologna,41847.0,Villa Park,João Pinheiro,Match Report,,3.0,ucl,2024-2025
,Tue,2024-10-22,20:00 (21:00),Arsenal eng,1–0,ua Shakhtar Donetsk,59594.0,Emirates Stadium,Benoît Bastien,Match Report,,3.0,ucl,2024-2025
,Tue,2024-10-22,21:00,Paris Saint-Germain fr,1–1,nl PSV,47511.0,Parc des Princes,Glenn Nyberg,Match Report,,3.0,ucl,2024-2025
,Tue,2024-10-22,21:00,Girona es,2–0,sk Slovan Bratislava,9246.0,Estadi Municipal de Montilivi,Horațiu Fesnic,Match Report,,3.0,ucl,2024-2025
,Tue,2024-10-22,21:00,Real Madrid es,5–2,de Dortmund,74642.0,Estadio Santiago Bernabéu,István Kovács,Match Report,,3.0,ucl,2024-2025
,Tue,2024-10-22,21:00,Juventus it,0–1,de Stuttgart,41306.0,Allianz Stadium,Espen Eskås,Match Report,,3.0,ucl,2024-2025
,Tue,2024-10-22,21:00,Sturm Graz at,0–2,pt Sporting CP,23691.0,Merkur Arena,Giorgi Kruashvili,Match Report,,3.0,ucl,2024-2025
,Wed,2024-10-23,18:45,Brest fr,1–1,de Leverkusen,15510.0,Stade du Roudourou,Ivan Kružliak,Match Report,,3.0,ucl,2024-2025
,Wed,2024-10-23,18:45,Atalanta it,0–0,sct Celtic,21614.0,Gewiss Stadium,Irfan Peljto,Match Report,,3.0,ucl,2024-2025
,Wed,2024-10-23,20:00 (21:00),Manchester City eng,5–0,cz Sparta Prague,50116.0,Etihad Stadium,Maurizio Mariani,Match Report,,3.0,ucl,2024-2025
,Wed,2024-10-23,20:00 (21:00),Benfica pt,1–3,nl Feyenoord,61687.0,Estádio do Sport Lisboa e Benfica,Halil Umut Meler,Match Report,,3.0,ucl,2024-2025
,Wed,2024-10-23,21:00,Barcelona es,4–1,de Bayern Munich,50312.0,Estadi Olímpic Lluís Companys,Slavko Vinčič,Match Report,,3.0,ucl,2024-2025
,Wed,2024-10-23,21:00,RB Salzburg at,0–2,hr Dinamo Zagreb,24018.0,Red Bull Arena,Danny Makkelie,Match Report,,3.0,ucl,2024-2025
,Wed,2024-10-23,21:00,RB Leipzig de,0–1,eng Liverpool,45228.0,Red Bull Arena,Sandro Schärer,Match Report,,3.0,ucl,2024-2025
,Wed,2024-10-23,21:00,Young Boys ch,0–1,it Inter,31500.0,Stadion Wankdorf,Michael Oliver,Match Report,,3.0,ucl,2024-2025
,Wed,2024-10-23,21:00,Atlético Madrid es,1–3,fr Lille,61197.0,Riyadh Air Metropolitan Stadium,Marco Guida,Match Report,,3.0,ucl,2024-2025
,Tue,2024-11-05,18:45,PSV nl,4–0,es Girona,34400.0,Philips Stadion,Michael Oliver,Match Report,,4.0,ucl,2024-2025
,Tue,2024-11-05,18:45,Slovan Bratislava sk,1–4,hr Dinamo Zagreb,22132.0,Štadión Tehelné pole,Anthony Taylor,Match Report,,4.0,ucl,2024-2025
,Tue,2024-11-05,20:00 (21:00),Sporting CP pt,4–1,eng Manchester City,47453.0,Estádio José Alvalade,Daniel Siebert,Match Report,,4.0,ucl,2024-2025
,Tue,2024-11-05,20:00 (21:00),Celtic sct,3–1,de RB Leipzig,57551.0,Celtic Park,Benoît Bastien,Match Report,,4.0,ucl,2024-2025
,Tue,2024-11-05,20:00 (21:00),Liverpool eng,4–0,de Leverkusen,59790.0,Anfield,Danny Makkelie,Match Report,,4.0,ucl,2024-2025
,Tue,2024-11-05,21:00,Lille fr,1–1,it Juventus,48312.0,Decathlon Arena - Stade Pierre-Mauroy,Irfan Peljto,Match Report,,4.0,ucl,2024-2025
,Tue,2024-11-05,21:00,Bologna it,0–1,fr Monaco,23084.0,Stadio Renato Dall'Ara,Əliyar Ağayev,Match Report,,4.0,ucl,2024-2025
,Tue,2024-11-05,21:00,Real Madrid es,1–3,it Milan,75561.0,Estadio Santiago Bernabéu,Slavko Vinčič,Match Report,,4.0,ucl,2024-2025
,Tue,2024-11-05,21:00,Dortmund de,1–0,at Sturm Graz,81365.0,Signal Iduna Park,Erik Lambrechts,Match Report,,4.0,ucl,2024-2025
,Wed,2024-11-06,18:45,Club Brugge be,1–0,eng Aston Villa,23466.0,Jan Breydelstadion,Tobias Stieler,Match Report,,4.0,ucl,2024-2025
,Wed,2024-11-06,19:45 (18:45),Shakhtar Donetsk ua,2–1,ch Young Boys,17420.0,Veltins-Arena,Orel Grinfeeld,Match Report,,4.0,ucl,2024-2025
,Wed,2024-11-06,21:00,Red Star rs,2–5,es Barcelona,48886.0,Stadion Rajko Mitić,Espen Eskås,Match Report,,4.0,ucl,2024-2025
,Wed,2024-11-06,21:00,Sparta Prague cz,1–2,fr Brest,18033.0,epet Arena,Mykola Balakin,Match Report,,4.0,ucl,2024-2025
,Wed,2024-11-06,21:00,Paris Saint-Germain fr,1–2,es Atlético Madrid,47369.0,Parc des Princes,Szymon Marciniak,Match Report,,4.0,ucl,2024-2025
,Wed,2024-11-06,21:00,Stuttgart de,0–2,it Atalanta,60000.0,MHPArena,Rade Obrenović,Match Report,,4.0,ucl,2024-2025
,Wed,2024-11-06,21:00,Bayern Munich de,1–0,pt Benfica,75000.0,Allianz Arena,Davide Massa,Match Report,,4.0,ucl,2024-2025
,Wed,2024-11-06,21:00,Feyenoord nl,1–3,at RB Salzburg,42774.0,Stadion Feijenoord,Donatas Rumšas,Match Report,,4.0,ucl,2024-2025
,Wed,2024-11-06,21:00,Inter it,1–0,eng Arsenal,75222.0,Stadio Giuseppe Meazza,István Kovács,Match Report,,4.0,ucl,2024-2025
,Tue,2024-11-26,18:45,Sparta Prague cz,0–6,es Atlético Madrid,18110.0,epet Arena,Danny Makkelie,Match Report,,5.0,ucl,2024-2025
,Tue,2024-11-26,18:45,Slovan Bratislava sk,2–3,it Milan,22500.0,Štadión Tehelné pole,Jose Maria Sánchez,Match Report,,5.0,ucl,2024-2025
,Tue,2024-11-26,20:00 (21:00),Manchester City eng,3–3,nl Feyenoord,47011.0,Etihad Stadium,Radu Petrescu,Match Report,,5.0,ucl,2024-2025
,Tue,2024-11-26,20:00 (21:00),Sporting CP pt,1–5,eng Arsenal,47386.0,Estádio José Alvalade,Szymon Marciniak,Match Report,,5.0,ucl,2024-2025
,Tue,2024-11-26,21:00,Leverkusen de,5–0,at RB Salzburg,29211.0,BayArena,Mykola Balakin,Match Report,,5.0,ucl,2024-2025
,Tue,2024-11-26,21:00,Bayern Munich de,1–0,fr Paris Saint-Germain,75000.0,Allianz Arena,István Kovács,Match Report,,5.0,ucl,2024-2025
,Tue,2024-11-26,21:00,Inter it,1–0,de RB Leipzig,63174.0,Stadio Giuseppe Meazza,João Pinheiro,Match Report,,5.0,ucl,2024-2025
,Tue,2024-11-26,21:00,Barcelona es,3–0,fr Brest,46317.0,Estadi Olímpic Lluís Companys,Irfan Peljto,Match Report,,5.0,ucl,2024-2025
,Tue,2024-11-26,21:00,Young Boys ch,1–6,it Atalanta,31500.0,Stadion Wankdorf,Manfredas Lukjančukas,Match Report,,5.0,ucl,2024-2025
,Wed,2024-11-27,18:45,Sturm Graz at,1–0,es Girona,21502.0,Merkur Arena,Rohit Saggi,Match Report,,5.0,ucl,2024-2025
,Wed,2024-11-27,18:45,Red Star rs,5–1,de Stuttgart,41372.0,Stadion Rajko Mitić,Erik Lambrechts,Match Report,,5.0,ucl,2024-2025
,Wed,2024-11-27,20:00 (21:00),Celtic sct,1–1,be Club Brugge,57456.0,Celtic Park,Georgi Kabakov,Match Report,,5.0,ucl,2024-2025
,Wed,2024-11-27,20:00 (21:00),Aston Villa eng,0–0,it Juventus,42589.0,Villa Park,Jesús Gil,Match Report,,5.0,ucl,2024-2025
,Wed,2024-11-27,20:00 (21:00),Liverpool eng,2–0,es Real Madrid,59546.0,Anfield,François Letexier,Match Report,,5.0,ucl,2024-2025
,Wed,2024-11-27,21:00,Bologna it,1–2,fr Lille,22420.0,Stadio Renato Dall'Ara,Michael Oliver,Match Report,,5.0,ucl,2024-2025
,Wed,2024-11-27,21:00,Dinamo Zagreb hr,0–3,de Dortmund,20019.0,Stadion Maksimir,Clément Turpin,Match Report,,5.0,ucl,2024-2025
,Wed,2024-11-27,21:00,Monaco fr,2–3,pt Benfica,13581.0,Stade Louis II,Rade Obrenović,Match Report,,5.0,ucl,2024-2025
,Wed,2024-11-27,21:00,PSV nl,3–2,ua Shakhtar Donetsk,35100.0,Philips Stadion,Urs Schnyder,Match Report,,5.0,ucl,2024-2025
,Tue,2024-12-10,18:45,Dinamo Zagreb hr,0–0,sct Celtic,18158.0,Stadion Maksimir,Felix Zwayer,Match Report,,6.0,ucl,2024-2025
,Tue,2024-12-10,18:45,Girona es,0–1,eng Liverpool,9241.0,Estadi Municipal de Montilivi,Benoît Bastien,Match Report,,6.0,ucl,2024-2025
,Tue,2024-12-10,21:00,RB Leipzig de,2–3,eng Aston Villa,40406.0,Red Bull Arena,Maurizio Mariani,Match Report,,6.0,ucl,2024-2025
,Tue,2024-12-10,21:00,Brest fr,1–0,nl PSV,15778.0,Stade du Roudourou,Jose Maria Sánchez,Match Report,,6.0,ucl,2024-2025
,Tue,2024-12-10,21:00,RB Salzburg at,0–3,fr Paris Saint-Germain,25065.0,Red Bull Arena,Michael Oliver,Match Report,,6.0,ucl,2024-2025
,Tue,2024-12-10,21:00,Atalanta it,2–3,es Real Madrid,22967.0,Gewiss Stadium,Szymon Marciniak,Match Report,,6.0,ucl,2024-2025
,Tue,2024-12-10,21:00,Leverkusen de,1–0,it Inter,30210.0,BayArena,Slavko Vinčič,Match Report,,6.0,ucl,2024-2025
,Tue,2024-12-10,21:00,Club Brugge be,2–1,pt Sporting CP,22254.0,Jan Breydelstadion,Anthony Taylor,Match Report,,6.0,ucl,2024-2025
,Tue,2024-12-10,22:00 (21:00),Shakhtar Donetsk ua,1–5,de Bayern Munich,57079.0,Veltins-Arena,Halil Umut Meler,Match Report,,6.0,ucl,2024-2025
,Wed,2024-12-11,18:45,Atlético Madrid es,3–1,sk Slovan Bratislava,59134.0,Riyadh Air Metropolitan Stadium,Manfredas Lukjančukas,Match Report,,6.0,ucl,2024-2025
,Wed,2024-12-11,18:45,Lille fr,3–2,at Sturm Graz,45796.0,Decathlon Arena - Stade Pierre-Mauroy,Georgi Kabakov,Match Report,,6.0,ucl,2024-2025
,Wed,2024-12-11,20:00 (21:00),Benfica pt,0–0,it Bologna,60650.0,Estádio do Sport Lisboa e Benfica,Radu Petrescu,Match Report,,6.0,ucl,2024-2025
,Wed,2024-12-11,20:00 (21:00),Arsenal eng,3–0,fr Monaco,60157.0,Emirates Stadium,Davide Massa,Match Report,,6.0,ucl,2024-2025
,Wed,2024-12-11,21:00,Milan it,2–1,rs Red Star,53717.0,Stadio Giuseppe Meazza,Jesús Gil,Match Report,,6.0,ucl,2024-2025
,Wed,2024-12-11,21:00,Feyenoord nl,4–2,cz Sparta Prague,45000.0,Stadion Feijenoord,Tobias Stieler,Match Report,,6.0,ucl,2024-2025
,Wed,2024-12-11,21:00,Dortmund de,2–3,es Barcelona,81365.0,Signal Iduna Park,François Letexier,Match Report,,6.0,ucl,2024-2025
,Wed,2024-12-11,21:00,Stuttgart de,5–1,ch Young Boys,60000.0,MHPArena,Giorgi Kruashvili,Match Report,,6.0,ucl,2024-2025
,Wed,2024-12-11,21:00,Juventus it,2–0,eng Manchester City,40890.0,Allianz Stadium,Clément Turpin,Match Report,,6.0,ucl,2024-2025
,Tue,2025-01-21,18:45,Monaco fr,1–0,eng Aston Villa,13508.0,Stade Louis II,Slavko Vinčič,Match Report,,7.0,ucl,2024-2025
,Tue,2025-01-21,18:45,Atalanta it,5–0,at Sturm Graz,19469.0,Gewiss Stadium,Donatas Rumšas,Match Report,,7.0,ucl,2024-2025
,Tue,2025-01-21,20:00 (21:00),Liverpool eng,2–1,fr Lille,59782.0,Anfield,Felix Zwayer,Match Report,,7.0,ucl,2024-2025
,Tue,2025-01-21,20:00 (21:00),Benfica pt,4–5,es Barcelona,63225.0,Estádio do Sport Lisboa e Benfica,Danny Makkelie,Match Report,,7.0,ucl,2024-2025
,Tue,2025-01-21,21:00,Slovan Bratislava sk,1–3,de Stuttgart,22500.0,Štadión Tehelné pole,Chris Kavanagh,Match Report,,7.0,ucl,2024-2025
,Tue,2025-01-21,21:00,Atlético Madrid es,2–1,de Leverkusen,66820.0,Riyadh Air Metropolitan Stadium,Davide Massa,Match Report,,7.0,ucl,2024-2025
,Tue,2025-01-21,21:00,Red Star rs,2–3,nl PSV,36648.0,Stadion Rajko Mitić,István Kovács,Match Report,,7.0,ucl,2024-2025
,Tue,2025-01-21,21:00,Bologna it,2–1,de Dortmund,26801.0,Stadio Renato Dall'Ara,Serdar Gözübüyük,Match Report,,7.0,ucl,2024-2025
,Tue,2025-01-21,21:00,Club Brugge be,0–0,it Juventus,26700.0,Jan Breydelstadion,Benoît Bastien,Match Report,,7.0,ucl,2024-2025
,Wed,2025-01-22,18:45,RB Leipzig de,2–1,pt Sporting CP,33478.0,Red Bull Arena,Manfredas Lukjančukas,Match Report,,7.0,ucl,2024-2025
,Wed,2025-01-22,19:45 (18:45),Shakhtar Donetsk ua,2–0,fr Brest,15282.0,Veltins-Arena,Sandro Schärer,Match Report,,7.0,ucl,2024-2025
,Wed,2025-01-22,20:00 (21:00),Celtic sct,1–0,ch Young Boys,56544.0,Celtic Park,Rohit Saggi,Match Report,,7.0,ucl,2024-2025
,Wed,2025-01-22,20:00 (21:00),Arsenal eng,3–0,hr Dinamo Zagreb,60024.0,Emirates Stadium,Daniel Siebert,Match Report,,7.0,ucl,2024-2025
,Wed,2025-01-22,21:00,Paris Saint-Germain fr,4–2,eng Manchester City,47818.0,Parc des Princes,Szymon Marciniak,Match Report,,7.0,ucl,2024-2025
,Wed,2025-01-22,21:00,Feyenoord nl,3–0,de Bayern Munich,43106.0,Stadion Feijenoord,François Letexier,Match Report,,7.0,ucl,2024-2025
,Wed,2025-01-22,21:00,Real Madrid es,5–1,at RB Salzburg,73692.0,Estadio Santiago Bernabéu,Glenn Nyberg,Match Report,,7.0,ucl,2024-2025
,Wed,2025-01-22,21:00,Sparta Prague cz,0–1,it Inter,18010.0,epet Arena,Alejandro Hernández,Match Report,,7.0,ucl,2024-2025
,Wed,2025-01-22,21:00,Milan it,1–0,es Girona,66030.0,Stadio Giuseppe Meazza,Tobias Stieler,Match Report,,7.0,ucl,2024-2025
,Wed,2025-01-29,20:00 (21:00),Manchester City eng,3–1,be Club Brugge,51237.0,Etihad Stadium,Jose Maria Sánchez,Match Report,,8.0,ucl,2024-2025
,Wed,2025-01-29,20:00 (21:00),Sporting CP pt,1–1,it Bologna,37328.0,Estádio José Alvalade,Benoît Bastien,Match Report,,8.0,ucl,2024-2025
,Wed,2025-01-29,20:00 (21:00),Aston Villa eng,4–2,sct Celtic,42824.0,Villa Park,Clément Turpin,Match Report,,8.0,ucl,2024-2025
,Wed,2025-01-29,21:00,Juventus it,0–2,pt Benfica,41402.0,Allianz Stadium,István Kovács,Match Report,,8.0,ucl,2024-2025
,Wed,2025-01-29,21:00,Brest fr,0–3,es Real Madrid,15405.0,Stade du Roudourou,Espen Eskås,Match Report,,8.0,ucl,2024-2025
,Wed,2025-01-29,21:00,RB Salzburg at,1–4,es Atlético Madrid,23389.0,Red Bull Arena,Anthony Taylor,Match Report,,8.0,ucl,2024-2025
,Wed,2025-01-29,21:00,Dinamo Zagreb hr,2–1,it Milan,18856.0,Stadion Maksimir,François Letexier,Match Report,,8.0,ucl,2024-2025
,Wed,2025-01-29,21:00,Bayern Munich de,3–1,sk Slovan Bratislava,75000.0,Allianz Arena,João Pinheiro,Match Report,,8.0,ucl,2024-2025
,Wed,2025-01-29,21:00,Sturm Graz at,1–0,de RB Leipzig,26851.0,28 Black Arena,Mykola Balakin,Match Report,,8.0,ucl,2024-2025
,Wed,2025-01-29,21:00,Lille fr,6–1,nl Feyenoord,44071.0,Decathlon Arena - Stade Pierre-Mauroy,Slavko Vinčič,Match Report,,8.0,ucl,2024-2025
,Wed,2025-01-29,21:00,Girona es,1–2,eng Arsenal,9048.0,Estadi Municipal de Montilivi,Maurizio Mariani,Match Report,,8.0,ucl,2024-2025
,Wed,2025-01-29,21:00,Young Boys ch,0–1,rs Red Star,31500.0,Stadion Wankdorf,Halil Umut Meler,Match Report,,8.0,ucl,2024-2025
,Wed,2025-01-29,21:00,Stuttgart de,1–4,fr Paris Saint-Germain,60000.0,MHPArena,Davide Massa,Match Report,,8.0,ucl,2024-2025
,Wed,2025-01-29,21:00,Inter it,3–0,fr Monaco,71601.0,Stadio Giuseppe Meazza,Irfan Peljto,Match Report,,8.0,ucl,2024-2025
,Wed,2025-01-29,21:00,Dortmund de,3–1,ua Shakhtar Donetsk,81365.0,Signal Iduna Park,Glenn Nyberg,Match Report,,8.0,ucl,2024-2025
,Wed,2025-01-29,21:00,Barcelona es,2–2,it Atalanta,42728.0,Estadi Olímpic Lluís Companys,Michael Oliver,Match Report,,8.0,ucl,2024-2025
,Wed,2025-01-29,21:00,PSV nl,3–2,eng Liverpool,35000.0,Philips Stadion,Tobias Stieler,Match Report,,8.0,ucl,2024-2025
,Wed,2025-01-29,21:00,Leverkusen de,2–0,cz Sparta Prague,30210.0,BayArena,Georgi Kabakov,Match Report,,8.0,ucl,2024-2025
Knockout phase play-offs,Tue,2025-02-11,18:45,Brest fr,0–3,fr Paris Saint-Germain,15831.0,Stade du Roudourou,Irfan Peljto,Match Report,Leg 1 of 2,,ucl,2024-2025
Knockout phase play-offs,Tue,2025-02-11,20:00 (21:00),Sporting CP pt,0–3,de Dortmund,41543.0,Estádio José Alvalade,Espen Eskås,Match Report,Leg 1 of 2,,ucl,2024-2025
Knockout phase play-offs,Tue,2025-02-11,20:00 (21:00),Manchester City eng,2–3,es Real Madrid,52081.0,Etihad Stadium,Clément Turpin,Match Report,Leg 1 of 2,,ucl,2024-2025
Knockout phase play-offs,Tue,2025-02-11,21:00,Juventus it,2–1,nl PSV,39886.0,Allianz Stadium,Daniel Siebert,Match Report,Leg 1 of 2,,ucl,2024-2025
Knockout phase play-offs,Wed,2025-02-12,18:45,Club Brugge be,2–1,it Atalanta,24242.0,Jan Breydelstadion,Halil Umut Meler,Match Report,Leg 1 of 2,,ucl,2024-2025
Knockout phase play-offs,Wed,2025-02-12,20:00 (21:00),Celtic sct,1–2,de Bayern Munich,57406.0,Celtic Park,Jesús Gil,Match Report,Leg 1 of 2,,ucl,2024-2025
Knockout phase play-offs,Wed,2025-02-12,21:00,Monaco fr,0–1,pt Benfica,12159.0,Stade Louis II,Maurizio Mariani,Match Report,Leg 1 of 2,,ucl,2024-2025
Knockout phase play-offs,Wed,2025-02-12,21:00,Feyenoord nl,1–0,it Milan,45000.0,Stadion Feijenoord,Jose Maria Sánchez,Match Report,Leg 1 of 2,,ucl,2024-2025
Knockout phase play-offs,Tue,2025-02-18,18:45,Milan it,1–1,nl Feyenoord,54749.0,Stadio Giuseppe Meazza,Szymon Marciniak,Match Report,Leg 2 of 2; Feyenoord won,,ucl,2024-2025
Knockout phase play-offs,Tue,2025-02-18,20:00 (21:00),Benfica pt,3–3,fr Monaco,60776.0,Estádio do Sport Lisboa e Benfica,Glenn Nyberg,Match Report,Leg 2 of 2; Benfica won,,ucl,2024-2025
Knockout phase play-offs,Tue,2025-02-18,21:00,Atalanta it,1–3,be Club Brugge,21727.0,Gewiss Stadium,Felix Zwayer,Match Report,Leg 2 of 2; Club Brugge won,,ucl,2024-2025
Knockout phase play-offs,Tue,2025-02-18,21:00,Bayern Munich de,1–1,sct Celtic,75000.0,Allianz Arena,Benoît Bastien,Match Report,Leg 2 of 2; Bayern Munich won,,ucl,2024-2025
Knockout phase play-offs,Wed,2025-02-19,18:45,Dortmund de,0–0,pt Sporting CP,80300.0,Signal Iduna Park,Davide Massa,Match Report,Leg 2 of 2; Dortmund won,,ucl,2024-2025
Knockout phase play-offs,Wed,2025-02-19,21:00,Real Madrid es,3–1,eng Manchester City,77023.0,Estadio Santiago Bernabéu,István Kovács,Match Report,Leg 2 of 2; Real Madrid won,,ucl,2024-2025
Knockout phase play-offs,Wed,2025-02-19,21:00,PSV nl,3–1,it Juventus,35000.0,Philips Stadion,Slavko Vinčič,Match Report,Leg 2 of 2; PSV won; Required Extra Time,,ucl,2024-2025
Knockout phase play-offs,Wed,2025-02-19,21:00,Paris Saint-Germain fr,7–0,fr Brest,47211.0,Parc des Princes,Michael Oliver,Match Report,Leg 2 of 2; Paris Saint-Germain won,,ucl,2024-2025
Round of 16,Tue,2025-03-04,18:45,Club Brugge be,1–3,eng Aston Villa,26890.0,Jan Breydelstadion,João Pinheiro,Match Report,Leg 1 of 2,,ucl,2024-2025
Round of 16,Tue,2025-03-04,21:00,PSV nl,1–7,eng Arsenal,34400.0,Philips Stadion,Jesús Gil,Match Report,Leg 1 of 2,,ucl,2024-2025
Round of 16,Tue,2025-03-04,21:00,Real Madrid es,2–1,es Atlético Madrid,77261.0,Estadio Santiago Bernabéu,Clément Turpin,Match Report,Leg 1 of 2,,ucl,2024-2025
Round of 16,Tue,2025-03-04,21:00,Dortmund de,1–1,fr Lille,81365.0,Signal Iduna Park,Jose Maria Sánchez,Match Report,Leg 1 of 2,,ucl,2024-2025
Round of 16,Wed,2025-03-05,18:45,Feyenoord nl,0–2,it Inter,43789.0,Stadion Feijenoord,Espen Eskås,Match Report,Leg 1 of 2,,ucl,2024-2025
Round of 16,Wed,2025-03-05,20:00 (21:00),Benfica pt,0–1,es Barcelona,62437.0,Estádio do Sport Lisboa e Benfica,Felix Zwayer,Match Report,Leg 1 of 2,,ucl,2024-2025
Round of 16,Wed,2025-03-05,21:00,Bayern Munich de,3–0,de Leverkusen,75000.0,Allianz Arena,Michael Oliver,Match Report,Leg 1 of 2,,ucl,2024-2025
Round of 16,Wed,2025-03-05,21:00,Paris Saint-Germain fr,0–1,eng Liverpool,47511.0,Parc des Princes,Davide Massa,Match Report,Leg 1 of 2,,ucl,2024-2025
Round of 16,Tue,2025-03-11,18:45,Barcelona es,3–1,pt Benfica,47111.0,Estadi Olímpic Lluís Companys,François Letexier,Match Report,Leg 2 of 2; Barcelona won,,ucl,2024-2025
Round of 16,Tue,2025-03-11,20:00 (21:00),Liverpool eng,(1) 0–1 (4),fr Paris Saint-Germain,59765.0,Anfield,István Kovács,Match Report,Leg 2 of 2; Paris Saint-Germain won; Paris Saint-Germain won on penalty kicks following extra time,,ucl,2024-2025
Round of 16,Tue,2025-03-11,21:00,Leverkusen de,0–2,de Bayern Munich,30210.0,BayArena,Slavko Vinčič,Match Report,Leg 2 of 2; Bayern Munich won,,ucl,2024-2025
Round of 16,Tue,2025-03-11,21:00,Inter it,2–1,nl Feyenoord,55536.0,Stadio Giuseppe Meazza,Ivan Kružliak,Match Report,Leg 2 of 2; Inter won,,ucl,2024-2025
Round of 16,Wed,2025-03-12,18:45,Lille fr,1–2,de Dortmund,48042.0,Decathlon Arena - Stade Pierre-Mauroy,Sandro Schärer,Match Report,Leg 2 of 2; Dortmund won,,ucl,2024-2025
Round of 16,Wed,2025-03-12,20:00 (21:00),Aston Villa eng,3–0,be Club Brugge,42461.0,Villa Park,Daniel Siebert,Match Report,Leg 2 of 2; Aston Villa won,,ucl,2024-2025
Round of 16,Wed,2025-03-12,20:00 (21:00),Arsenal eng,2–2,nl PSV,59410.0,Emirates Stadium,Rade Obrenović,Match Report,Leg 2 of 2; Arsenal won,,ucl,2024-2025
Round of 16,Wed,2025-03-12,21:00,Atlético Madrid es,(2) 1–0 (4),es Real Madrid,69304.0,Riyadh Air Metropolitan Stadium,Szymon Marciniak,Match Report,Leg 2 of 2; Real Madrid won; Real Madrid won on penalty kicks following extra time,,ucl,2024-2025
Quarter-finals,Tue,2025-04-08,20:00 (21:00),Arsenal eng,3–0,es Real Madrid,60110.0,Emirates Stadium,Irfan Peljto,Match Report,Leg 1 of 2,,ucl,2024-2025
Quarter-finals,Tue,2025-04-08,21:00,Bayern Munich de,1–2,it Inter,75000.0,Allianz Arena,Sandro Schärer,Match Report,Leg 1 of 2,,ucl,2024-2025
Quarter-finals,Wed,2025-04-09,21:00,Paris Saint-Germain fr,3–1,eng Aston Villa,47681.0,Parc des Princes,Maurizio Mariani,Match Report,Leg 1 of 2,,ucl,2024-2025
Quarter-finals,Wed,2025-04-09,21:00,Barcelona es,4–0,de Dortmund,49760.0,Estadi Olímpic Lluís Companys,Espen Eskås,Match Report,Leg 1 of 2,,ucl,2024-2025
Quarter-finals,Tue,2025-04-15,20:00 (21:00),Aston Villa eng,3–2,fr Paris Saint-Germain,42535.0,Villa Park,Jose Maria Sánchez,Match Report,Leg 2 of 2; Paris Saint-Germain won,,ucl,2024-2025
Quarter-finals,Tue,2025-04-15,21:00,Dortmund de,3–1,es Barcelona,81365.0,Signal Iduna Park,Maurizio Mariani,Match Report,Leg 2 of 2; Barcelona won,,ucl,2024-2025
Quarter-finals,Wed,2025-04-16,21:00,Inter it,2–2,de Bayern Munich,75625.0,Stadio Giuseppe Meazza,Slavko Vinčič,Match Report,Leg 2 of 2; Inter won,,ucl,2024-2025
Quarter-finals,Wed,2025-04-16,21:00,Real Madrid es,1–2,eng Arsenal,77073.0,Estadio Santiago Bernabéu,François Letexier,Match Report,Leg 2 of 2; Arsenal won,,ucl,2024-2025
Semi-finals,Tue,2025-04-29,20:00 (21:00),Arsenal eng,0–1,fr Paris Saint-Germain,59664.0,Emirates Stadium,Slavko Vinčič,Match Report,Leg 1 of 2,,ucl,2024-2025
Semi-finals,Wed,2025-04-30,21:00,Barcelona es,3–3,it Inter,50314.0,Estadi Olímpic Lluís Companys,Clément Turpin,Match Report,Leg 1 of 2,,ucl,2024-2025
Semi-finals,Tue,2025-05-06,21:00,Inter it,4–3,es Barcelona,75504.0,Stadio Giuseppe Meazza,Szymon Marciniak,Match Report,Leg 2 of 2; Inter won; Required Extra Time,,ucl,2024-2025
Semi-finals,Wed,2025-05-07,21:00,Paris Saint-Germain fr,2–1,eng Arsenal,47511.0,Parc des Princes,Felix Zwayer,Match Report,Leg 2 of 2; Paris Saint-Germain won,,ucl,2024-2025
Final,Sat,2025-05-31,21:00,Paris Saint-Germain fr,5–0,it Inter,64327.0,Allianz Arena (Neutral Site),István Kovács,Match Report,,,ucl,2024-2025
